epoch,time,train/box_loss,train/cls_loss,train/dfl_loss,metrics/precision(B),metrics/recall(B),metrics/mAP50(B),metrics/mAP50-95(B),val/box_loss,val/cls_loss,val/dfl_loss,lr/pg0,lr/pg1,lr/pg2,lr/pg3,lr/pg4,lr/pg5,lr/pg6,lr/pg7
1,20.9618,1.48889,2.81493,1.57135,0.54987,0.58381,0.5307,0.24852,1.60723,2.61102,1.4058,0.00995708,0.00331903,0.00995708,0.00331903,0.00995708,0.00331903,0.00995708,0.00331903
2,37.7419,1.48426,2.10562,1.55233,0.48811,0.54217,0.44754,0.2022,1.77004,2.20435,1.50129,0.0198912,0.00663041,0.0198912,0.00663041,0.0198912,0.00663041,0.0198912,0.00663041
3,54.0627,1.59499,1.85449,1.64661,0.53908,0.51406,0.48031,0.23103,1.8582,1.99812,1.72349,0.0297594,0.00991979,0.0297594,0.00991979,0.0297594,0.00991979,0.0297594,0.00991979
4,69.5687,1.61035,1.75298,1.69869,0.60996,0.56627,0.54818,0.25094,1.86802,1.9142,1.71575,0.029703,0.009901,0.029703,0.009901,0.029703,0.009901,0.029703,0.009901
5,85.0427,1.55084,1.61422,1.64182,0.66842,0.60719,0.61608,0.29762,1.76636,1.69801,1.57294,0.029604,0.009868,0.029604,0.009868,0.029604,0.009868,0.029604,0.009868
6,100.495,1.46158,1.53004,1.58013,0.68931,0.63454,0.61059,0.32485,1.64627,1.69721,1.43734,0.029505,0.009835,0.029505,0.009835,0.029505,0.009835,0.029505,0.009835
7,116.939,1.42192,1.46995,1.54156,0.70259,0.66265,0.62118,0.31641,1.78273,1.60018,1.55147,0.029406,0.009802,0.029406,0.009802,0.029406,0.009802,0.029406,0.009802
8,134.23,1.3561,1.42335,1.49808,0.77118,0.69478,0.66525,0.35654,1.62058,1.50714,1.44445,0.029307,0.009769,0.029307,0.009769,0.029307,0.009769,0.029307,0.009769
9,151.163,1.32541,1.37939,1.47166,0.6734,0.71486,0.66159,0.37087,1.57299,1.48176,1.39692,0.029208,0.009736,0.029208,0.009736,0.029208,0.009736,0.029208,0.009736
10,167.689,1.29506,1.35955,1.46521,0.71951,0.66963,0.68106,0.38727,1.56585,1.46022,1.3553,0.029109,0.009703,0.029109,0.009703,0.029109,0.009703,0.029109,0.009703
11,184.277,1.26978,1.31546,1.44145,0.7123,0.66667,0.67423,0.38345,1.52724,1.45162,1.3397,0.02901,0.00967,0.02901,0.00967,0.02901,0.00967,0.02901,0.00967
12,201.198,1.25098,1.31882,1.43272,0.77148,0.69149,0.69607,0.40179,1.52592,1.42139,1.36004,0.028911,0.009637,0.028911,0.009637,0.028911,0.009637,0.028911,0.009637
13,218.149,1.22193,1.23633,1.40374,0.75337,0.6988,0.69649,0.40285,1.54473,1.43848,1.35103,0.028812,0.009604,0.028812,0.009604,0.028812,0.009604,0.028812,0.009604
14,235.075,1.20973,1.23184,1.39375,0.73685,0.69722,0.68306,0.41767,1.46129,1.36553,1.30674,0.028713,0.009571,0.028713,0.009571,0.028713,0.009571,0.028713,0.009571
15,252.234,1.2038,1.22633,1.3903,0.70237,0.71888,0.67855,0.38042,1.54105,1.4562,1.34338,0.028614,0.009538,0.028614,0.009538,0.028614,0.009538,0.028614,0.009538
16,269.022,1.18777,1.2213,1.39045,0.76821,0.69076,0.69324,0.41394,1.49124,1.33769,1.31024,0.028515,0.009505,0.028515,0.009505,0.028515,0.009505,0.028515,0.009505
17,285.889,1.1754,1.18822,1.37312,0.7009,0.71888,0.70226,0.39788,1.51225,1.36818,1.35677,0.028416,0.009472,0.028416,0.009472,0.028416,0.009472,0.028416,0.009472
18,302.605,1.14976,1.17328,1.37461,0.75981,0.68675,0.70553,0.41013,1.4869,1.3863,1.34717,0.028317,0.009439,0.028317,0.009439,0.028317,0.009439,0.028317,0.009439
19,319.433,1.15518,1.16621,1.36218,0.70167,0.71888,0.69663,0.40787,1.44727,1.30139,1.3197,0.028218,0.009406,0.028218,0.009406,0.028218,0.009406,0.028218,0.009406
20,335.724,1.13258,1.15364,1.34749,0.7352,0.69132,0.68254,0.40931,1.47607,1.35586,1.35052,0.028119,0.009373,0.028119,0.009373,0.028119,0.009373,0.028119,0.009373
21,352.506,1.12474,1.1358,1.3384,0.7169,0.6747,0.69407,0.42268,1.44083,1.38327,1.29528,0.02802,0.00934,0.02802,0.00934,0.02802,0.00934,0.02802,0.00934
22,368.943,1.1139,1.1352,1.33871,0.70517,0.69076,0.67947,0.39802,1.45379,1.33108,1.34205,0.027921,0.009307,0.027921,0.009307,0.027921,0.009307,0.027921,0.009307
23,385.664,1.09481,1.10548,1.32473,0.71667,0.69478,0.70785,0.41463,1.46266,1.33619,1.29531,0.027822,0.009274,0.027822,0.009274,0.027822,0.009274,0.027822,0.009274
24,402.192,1.09459,1.08733,1.31795,0.72974,0.67233,0.69048,0.42653,1.40814,1.28809,1.29829,0.027723,0.009241,0.027723,0.009241,0.027723,0.009241,0.027723,0.009241
25,418.822,1.09901,1.10002,1.32512,0.74661,0.70281,0.71389,0.43088,1.4451,1.28565,1.30848,0.027624,0.009208,0.027624,0.009208,0.027624,0.009208,0.027624,0.009208
26,435.153,1.07452,1.0844,1.31037,0.74992,0.67871,0.72066,0.44738,1.36987,1.28947,1.26511,0.027525,0.009175,0.027525,0.009175,0.027525,0.009175,0.027525,0.009175
27,451.947,1.05768,1.05978,1.30295,0.75958,0.69787,0.69881,0.4374,1.36157,1.27575,1.26842,0.027426,0.009142,0.027426,0.009142,0.027426,0.009142,0.027426,0.009142
28,468.096,1.07138,1.04552,1.29486,0.76911,0.6988,0.72955,0.45106,1.382,1.26646,1.26858,0.027327,0.009109,0.027327,0.009109,0.027327,0.009109,0.027327,0.009109
29,484.253,1.06762,1.05131,1.2964,0.78334,0.69076,0.70866,0.43589,1.3571,1.27935,1.28439,0.027228,0.009076,0.027228,0.009076,0.027228,0.009076,0.027228,0.009076
30,500.649,1.06731,1.0535,1.30299,0.73419,0.69076,0.71644,0.43158,1.43254,1.25292,1.29427,0.027129,0.009043,0.027129,0.009043,0.027129,0.009043,0.027129,0.009043
31,517.677,1.05007,1.04924,1.29067,0.72293,0.71888,0.72498,0.45314,1.36492,1.25697,1.27616,0.02703,0.00901,0.02703,0.00901,0.02703,0.00901,0.02703,0.00901
32,534.301,1.03033,1.00985,1.27411,0.7871,0.66265,0.71494,0.45174,1.3729,1.20702,1.26945,0.026931,0.008977,0.026931,0.008977,0.026931,0.008977,0.026931,0.008977
33,550.934,1.03917,1.00879,1.27592,0.7839,0.69076,0.73014,0.4626,1.31696,1.22834,1.22105,0.026832,0.008944,0.026832,0.008944,0.026832,0.008944,0.026832,0.008944
34,567.427,1.03036,1.00051,1.28084,0.76033,0.70281,0.7273,0.45089,1.33868,1.1828,1.26417,0.026733,0.008911,0.026733,0.008911,0.026733,0.008911,0.026733,0.008911
35,583.924,1.03228,1.0025,1.27314,0.78824,0.70281,0.74216,0.46729,1.34422,1.25798,1.23374,0.026634,0.008878,0.026634,0.008878,0.026634,0.008878,0.026634,0.008878
36,600.768,1.02571,0.99135,1.27296,0.80883,0.71486,0.7302,0.46629,1.3031,1.19823,1.24047,0.026535,0.008845,0.026535,0.008845,0.026535,0.008845,0.026535,0.008845
37,617.734,1.03071,0.98353,1.27587,0.72175,0.70838,0.71205,0.45158,1.33056,1.24438,1.26919,0.026436,0.008812,0.026436,0.008812,0.026436,0.008812,0.026436,0.008812
38,634.877,1.01171,0.99791,1.2589,0.79117,0.69991,0.72048,0.44974,1.33834,1.24285,1.24424,0.026337,0.008779,0.026337,0.008779,0.026337,0.008779,0.026337,0.008779
39,651.604,1.00182,0.97255,1.25129,0.76654,0.71084,0.71834,0.46393,1.32679,1.1591,1.26144,0.026238,0.008746,0.026238,0.008746,0.026238,0.008746,0.026238,0.008746
40,667.984,0.99573,0.96187,1.25141,0.7441,0.71486,0.73635,0.45691,1.36454,1.23371,1.28657,0.026139,0.008713,0.026139,0.008713,0.026139,0.008713,0.026139,0.008713
41,684.023,0.9988,0.9588,1.2466,0.75445,0.69099,0.73132,0.44962,1.32371,1.1916,1.20528,0.02604,0.00868,0.02604,0.00868,0.02604,0.00868,0.02604,0.00868
42,699.991,1.0073,0.9549,1.25304,0.76791,0.69478,0.71542,0.45372,1.30857,1.21897,1.2563,0.025941,0.008647,0.025941,0.008647,0.025941,0.008647,0.025941,0.008647
43,716.41,0.99618,0.95104,1.25069,0.72388,0.73896,0.73646,0.46569,1.32644,1.20888,1.22071,0.025842,0.008614,0.025842,0.008614,0.025842,0.008614,0.025842,0.008614
44,733.711,0.98546,0.95404,1.2484,0.78569,0.69478,0.71855,0.45272,1.31752,1.23703,1.24837,0.025743,0.008581,0.025743,0.008581,0.025743,0.008581,0.025743,0.008581
45,750.277,0.98456,0.94483,1.23576,0.7428,0.71084,0.72655,0.46424,1.38173,1.22621,1.26693,0.025644,0.008548,0.025644,0.008548,0.025644,0.008548,0.025644,0.008548
46,766.418,0.98219,0.92764,1.2383,0.80507,0.69076,0.70349,0.44048,1.35113,1.24482,1.25846,0.025545,0.008515,0.025545,0.008515,0.025545,0.008515,0.025545,0.008515
47,783.793,0.97418,0.93431,1.23837,0.69813,0.75502,0.71767,0.46393,1.31719,1.21135,1.23978,0.025446,0.008482,0.025446,0.008482,0.025446,0.008482,0.025446,0.008482
48,800.235,0.9734,0.9271,1.22666,0.74746,0.6988,0.70906,0.44132,1.37432,1.17367,1.26959,0.025347,0.008449,0.025347,0.008449,0.025347,0.008449,0.025347,0.008449
49,815.798,0.9758,0.9313,1.23637,0.77372,0.68659,0.74172,0.4594,1.34152,1.1875,1.24307,0.025248,0.008416,0.025248,0.008416,0.025248,0.008416,0.025248,0.008416
50,831.746,0.96381,0.92509,1.22785,0.78798,0.69076,0.715,0.45688,1.32499,1.2116,1.23962,0.025149,0.008383,0.025149,0.008383,0.025149,0.008383,0.025149,0.008383
51,847.849,0.96046,0.91464,1.22175,0.74044,0.69478,0.74517,0.4807,1.27564,1.14136,1.21637,0.02505,0.00835,0.02505,0.00835,0.02505,0.00835,0.02505,0.00835
52,864.487,0.96151,0.90517,1.22193,0.79175,0.6506,0.72261,0.45804,1.32431,1.18588,1.27012,0.024951,0.008317,0.024951,0.008317,0.024951,0.008317,0.024951,0.008317
53,880.334,0.95375,0.9114,1.22369,0.78455,0.6988,0.7296,0.4686,1.33157,1.16684,1.23301,0.024852,0.008284,0.024852,0.008284,0.024852,0.008284,0.024852,0.008284
54,896.826,0.94278,0.88842,1.20895,0.77174,0.69478,0.70464,0.45829,1.2944,1.16908,1.21391,0.024753,0.008251,0.024753,0.008251,0.024753,0.008251,0.024753,0.008251
55,914.205,0.95549,0.8971,1.21178,0.78927,0.71084,0.73337,0.47744,1.27624,1.16697,1.21668,0.024654,0.008218,0.024654,0.008218,0.024654,0.008218,0.024654,0.008218
56,930.257,0.94948,0.88324,1.21809,0.84842,0.69684,0.76488,0.49307,1.30746,1.12579,1.2557,0.024555,0.008185,0.024555,0.008185,0.024555,0.008185,0.024555,0.008185
57,945.979,0.94658,0.87832,1.21607,0.79557,0.67871,0.7298,0.46755,1.34281,1.20871,1.26748,0.024456,0.008152,0.024456,0.008152,0.024456,0.008152,0.024456,0.008152
58,961.879,0.93945,0.88223,1.21664,0.78607,0.61446,0.69365,0.45873,1.30963,1.22618,1.22605,0.024357,0.008119,0.024357,0.008119,0.024357,0.008119,0.024357,0.008119
59,977.924,0.93057,0.8665,1.19756,0.74533,0.70521,0.72353,0.47731,1.27598,1.15901,1.20741,0.024258,0.008086,0.024258,0.008086,0.024258,0.008086,0.024258,0.008086
60,994.258,0.92932,0.85882,1.2009,0.77521,0.73404,0.72433,0.45291,1.33101,1.18557,1.22748,0.024159,0.008053,0.024159,0.008053,0.024159,0.008053,0.024159,0.008053
61,1011.64,0.93688,0.87084,1.20241,0.78907,0.70614,0.72699,0.46856,1.30684,1.15542,1.22989,0.02406,0.00802,0.02406,0.00802,0.02406,0.00802,0.02406,0.00802
62,1028.01,0.92717,0.8629,1.20085,0.80903,0.69757,0.74968,0.4772,1.30789,1.14186,1.24343,0.023961,0.007987,0.023961,0.007987,0.023961,0.007987,0.023961,0.007987
63,1044.12,0.9181,0.86413,1.19254,0.81152,0.6747,0.74106,0.47333,1.26725,1.16721,1.19124,0.023862,0.007954,0.023862,0.007954,0.023862,0.007954,0.023862,0.007954
64,1060.66,0.92541,0.86055,1.19668,0.7831,0.72691,0.7322,0.46526,1.3347,1.18544,1.23634,0.023763,0.007921,0.023763,0.007921,0.023763,0.007921,0.023763,0.007921
65,1077.4,0.9131,0.83729,1.18862,0.76003,0.71232,0.72113,0.46445,1.32009,1.17432,1.24119,0.023664,0.007888,0.023664,0.007888,0.023664,0.007888,0.023664,0.007888
66,1093.72,0.91119,0.84146,1.1904,0.80891,0.73103,0.76662,0.48878,1.29181,1.11369,1.20784,0.023565,0.007855,0.023565,0.007855,0.023565,0.007855,0.023565,0.007855
67,1111.2,0.91055,0.83803,1.18497,0.78382,0.68439,0.71283,0.45966,1.28284,1.18105,1.2241,0.023466,0.007822,0.023466,0.007822,0.023466,0.007822,0.023466,0.007822
68,1127.41,0.91644,0.8428,1.18954,0.77855,0.70598,0.70762,0.46059,1.33463,1.17111,1.24999,0.023367,0.007789,0.023367,0.007789,0.023367,0.007789,0.023367,0.007789
69,1143.6,0.91099,0.83681,1.18891,0.80587,0.67871,0.73796,0.47405,1.30446,1.13621,1.26144,0.023268,0.007756,0.023268,0.007756,0.023268,0.007756,0.023268,0.007756
70,1160.7,0.9079,0.83659,1.1868,0.78059,0.71438,0.72093,0.46092,1.32019,1.14882,1.21451,0.023169,0.007723,0.023169,0.007723,0.023169,0.007723,0.023169,0.007723
71,1177.05,0.90764,0.84581,1.18101,0.74501,0.69478,0.69722,0.44775,1.28514,1.17797,1.22185,0.02307,0.00769,0.02307,0.00769,0.02307,0.00769,0.02307,0.00769
72,1193.4,0.89843,0.8191,1.17368,0.77258,0.71486,0.71254,0.46461,1.29557,1.1376,1.23664,0.022971,0.007657,0.022971,0.007657,0.022971,0.007657,0.022971,0.007657
73,1209.45,0.91333,0.84052,1.19676,0.78327,0.68273,0.73617,0.46701,1.32896,1.13839,1.25284,0.022872,0.007624,0.022872,0.007624,0.022872,0.007624,0.022872,0.007624
74,1225.53,0.91505,0.84456,1.18792,0.80591,0.66265,0.72796,0.45879,1.30598,1.14485,1.23827,0.022773,0.007591,0.022773,0.007591,0.022773,0.007591,0.022773,0.007591
75,1241.85,0.89659,0.81869,1.17928,0.76093,0.6988,0.71795,0.46103,1.32158,1.16328,1.27364,0.022674,0.007558,0.022674,0.007558,0.022674,0.007558,0.022674,0.007558
76,1258.35,0.88345,0.80993,1.16613,0.76515,0.68273,0.71593,0.46175,1.27305,1.14516,1.21863,0.022575,0.007525,0.022575,0.007525,0.022575,0.007525,0.022575,0.007525
77,1274.64,0.88773,0.80996,1.17365,0.81135,0.6747,0.7011,0.45573,1.27733,1.17782,1.24662,0.022476,0.007492,0.022476,0.007492,0.022476,0.007492,0.022476,0.007492
78,1290.77,0.88754,0.81344,1.17184,0.75524,0.73114,0.71412,0.46042,1.24222,1.14273,1.18163,0.022377,0.007459,0.022377,0.007459,0.022377,0.007459,0.022377,0.007459
79,1307.58,0.87942,0.8136,1.16383,0.80914,0.70281,0.73544,0.47763,1.28377,1.14456,1.21073,0.022278,0.007426,0.022278,0.007426,0.022278,0.007426,0.022278,0.007426
80,1323.95,0.88375,0.79806,1.17266,0.79271,0.67575,0.72711,0.48132,1.25992,1.13927,1.1982,0.022179,0.007393,0.022179,0.007393,0.022179,0.007393,0.022179,0.007393
81,1340.02,0.88565,0.80656,1.16635,0.81552,0.68273,0.72639,0.46935,1.25229,1.11455,1.21233,0.02208,0.00736,0.02208,0.00736,0.02208,0.00736,0.02208,0.00736
82,1355.69,0.88729,0.80605,1.1714,0.78726,0.71888,0.73098,0.47486,1.28714,1.1341,1.22765,0.021981,0.007327,0.021981,0.007327,0.021981,0.007327,0.021981,0.007327
83,1372.17,0.88051,0.81415,1.16556,0.74884,0.73092,0.71618,0.45948,1.2778,1.18484,1.22234,0.021882,0.007294,0.021882,0.007294,0.021882,0.007294,0.021882,0.007294
84,1388.67,0.87517,0.79495,1.15648,0.77078,0.72289,0.72821,0.47639,1.25678,1.14431,1.23288,0.021783,0.007261,0.021783,0.007261,0.021783,0.007261,0.021783,0.007261
85,1405.11,0.88551,0.81396,1.17127,0.74129,0.71347,0.71739,0.46658,1.25677,1.13488,1.19944,0.021684,0.007228,0.021684,0.007228,0.021684,0.007228,0.021684,0.007228
86,1420.97,0.86591,0.77717,1.15518,0.81398,0.68536,0.73156,0.48014,1.24521,1.12127,1.17994,0.021585,0.007195,0.021585,0.007195,0.021585,0.007195,0.021585,0.007195
87,1436.63,0.88273,0.79042,1.16454,0.84569,0.69478,0.7547,0.49467,1.24776,1.11306,1.1807,0.021486,0.007162,0.021486,0.007162,0.021486,0.007162,0.021486,0.007162
88,1452.24,0.8791,0.78676,1.15994,0.7658,0.71486,0.70449,0.45686,1.27763,1.15683,1.23414,0.021387,0.007129,0.021387,0.007129,0.021387,0.007129,0.021387,0.007129
89,1467.85,0.8673,0.77746,1.15726,0.77887,0.72289,0.72896,0.46886,1.25633,1.08163,1.22645,0.021288,0.007096,0.021288,0.007096,0.021288,0.007096,0.021288,0.007096
90,1483.53,0.86004,0.7727,1.15003,0.79802,0.69076,0.7359,0.46802,1.25715,1.09127,1.22215,0.021189,0.007063,0.021189,0.007063,0.021189,0.007063,0.021189,0.007063
91,1499.17,0.87319,0.76737,1.15876,0.80116,0.69478,0.73746,0.48481,1.24551,1.10276,1.20265,0.02109,0.00703,0.02109,0.00703,0.02109,0.00703,0.02109,0.00703
92,1514.93,0.87159,0.76644,1.16088,0.84467,0.69884,0.75891,0.49148,1.26017,1.09925,1.22462,0.020991,0.006997,0.020991,0.006997,0.020991,0.006997,0.020991,0.006997
93,1531.74,0.87554,0.77634,1.16716,0.7982,0.69478,0.72938,0.48612,1.20354,1.08608,1.19081,0.020892,0.006964,0.020892,0.006964,0.020892,0.006964,0.020892,0.006964
94,1547.75,0.86375,0.75954,1.15522,0.77524,0.70648,0.71692,0.45879,1.23887,1.13609,1.23329,0.020793,0.006931,0.020793,0.006931,0.020793,0.006931,0.020793,0.006931
95,1564.32,0.86557,0.77375,1.15332,0.81876,0.68273,0.74239,0.48848,1.24482,1.11887,1.21417,0.020694,0.006898,0.020694,0.006898,0.020694,0.006898,0.020694,0.006898
96,1581.01,0.85802,0.76192,1.15209,0.77422,0.69478,0.73653,0.48232,1.22032,1.06588,1.19086,0.020595,0.006865,0.020595,0.006865,0.020595,0.006865,0.020595,0.006865
97,1597.79,0.86146,0.75718,1.15145,0.77752,0.70176,0.74217,0.49123,1.2466,1.05359,1.19875,0.020496,0.006832,0.020496,0.006832,0.020496,0.006832,0.020496,0.006832
98,1614.48,0.8504,0.76369,1.14646,0.81135,0.71084,0.73619,0.4843,1.26204,1.07715,1.21531,0.020397,0.006799,0.020397,0.006799,0.020397,0.006799,0.020397,0.006799
99,1630.14,0.85918,0.77098,1.14804,0.78141,0.70683,0.74371,0.48073,1.26868,1.12746,1.23198,0.020298,0.006766,0.020298,0.006766,0.020298,0.006766,0.020298,0.006766
100,1646.26,0.84357,0.75487,1.14424,0.80151,0.69734,0.72954,0.48295,1.23358,1.14053,1.20817,0.020199,0.006733,0.020199,0.006733,0.020199,0.006733,0.020199,0.006733
101,1661.91,0.86038,0.75354,1.14767,0.78408,0.71461,0.74743,0.48776,1.22546,1.11457,1.19008,0.0201,0.0067,0.0201,0.0067,0.0201,0.0067,0.0201,0.0067
102,1677.46,0.85216,0.75182,1.14493,0.78574,0.68675,0.7349,0.47847,1.24419,1.11901,1.20962,0.020001,0.006667,0.020001,0.006667,0.020001,0.006667,0.020001,0.006667
103,1693.09,0.84083,0.74655,1.13986,0.80768,0.71084,0.74895,0.48262,1.24709,1.09789,1.20616,0.019902,0.006634,0.019902,0.006634,0.019902,0.006634,0.019902,0.006634
104,1708.73,0.83974,0.73997,1.13652,0.78629,0.70683,0.74056,0.48189,1.23227,1.07944,1.2193,0.019803,0.006601,0.019803,0.006601,0.019803,0.006601,0.019803,0.006601
105,1724.33,0.84755,0.744,1.14499,0.80797,0.6928,0.73581,0.48586,1.2508,1.08968,1.20607,0.019704,0.006568,0.019704,0.006568,0.019704,0.006568,0.019704,0.006568
106,1739.98,0.83854,0.73703,1.12999,0.80626,0.71865,0.74301,0.48373,1.26294,1.11148,1.22329,0.019605,0.006535,0.019605,0.006535,0.019605,0.006535,0.019605,0.006535
107,1756.06,0.84042,0.73572,1.1312,0.76884,0.70795,0.73123,0.47681,1.25957,1.10054,1.24695,0.019506,0.006502,0.019506,0.006502,0.019506,0.006502,0.019506,0.006502
108,1773.38,0.83318,0.7501,1.13648,0.7575,0.74297,0.72246,0.48011,1.26711,1.0949,1.24947,0.019407,0.006469,0.019407,0.006469,0.019407,0.006469,0.019407,0.006469
109,1790.37,0.82272,0.7352,1.12408,0.76686,0.71084,0.72153,0.48694,1.24042,1.08247,1.2329,0.019308,0.006436,0.019308,0.006436,0.019308,0.006436,0.019308,0.006436
110,1806.88,0.83526,0.73865,1.12881,0.77935,0.70925,0.7236,0.4878,1.24951,1.09837,1.23278,0.019209,0.006403,0.019209,0.006403,0.019209,0.006403,0.019209,0.006403
111,1822.68,0.82887,0.73698,1.13153,0.7915,0.69076,0.73375,0.4782,1.2368,1.09427,1.2181,0.01911,0.00637,0.01911,0.00637,0.01911,0.00637,0.01911,0.00637
112,1838.54,0.82895,0.73245,1.12199,0.77453,0.70281,0.72351,0.47675,1.24035,1.09245,1.22346,0.019011,0.006337,0.019011,0.006337,0.019011,0.006337,0.019011,0.006337
113,1855.02,0.82487,0.73046,1.12602,0.7724,0.69076,0.718,0.47032,1.25911,1.08356,1.23667,0.018912,0.006304,0.018912,0.006304,0.018912,0.006304,0.018912,0.006304
114,1871.46,0.81279,0.71641,1.12035,0.76213,0.72057,0.73183,0.48263,1.22695,1.09247,1.20232,0.018813,0.006271,0.018813,0.006271,0.018813,0.006271,0.018813,0.006271
115,1888.55,0.82352,0.71728,1.12221,0.79104,0.68675,0.72359,0.49016,1.22152,1.09058,1.19191,0.018714,0.006238,0.018714,0.006238,0.018714,0.006238,0.018714,0.006238
116,1905.39,0.81739,0.71647,1.1231,0.79381,0.72669,0.7599,0.5028,1.18318,1.05512,1.16199,0.018615,0.006205,0.018615,0.006205,0.018615,0.006205,0.018615,0.006205
117,1922.6,0.82309,0.72031,1.12311,0.76556,0.73439,0.73378,0.48651,1.19669,1.0622,1.16041,0.018516,0.006172,0.018516,0.006172,0.018516,0.006172,0.018516,0.006172
118,1940.15,0.81428,0.70596,1.11396,0.75257,0.73092,0.73381,0.48994,1.21728,1.05514,1.17748,0.018417,0.006139,0.018417,0.006139,0.018417,0.006139,0.018417,0.006139
119,1957.32,0.81694,0.72102,1.12142,0.77831,0.71907,0.74202,0.49283,1.22606,1.05956,1.18704,0.018318,0.006106,0.018318,0.006106,0.018318,0.006106,0.018318,0.006106
120,1974.01,0.8221,0.7179,1.12313,0.77332,0.6988,0.72055,0.48634,1.21321,1.08027,1.19061,0.018219,0.006073,0.018219,0.006073,0.018219,0.006073,0.018219,0.006073
121,1990.46,0.81252,0.70399,1.12171,0.76259,0.71888,0.73069,0.48244,1.21625,1.05809,1.18155,0.01812,0.00604,0.01812,0.00604,0.01812,0.00604,0.01812,0.00604
122,2007.04,0.8139,0.71224,1.1195,0.77637,0.71888,0.73847,0.49372,1.22557,1.07188,1.18368,0.018021,0.006007,0.018021,0.006007,0.018021,0.006007,0.018021,0.006007
123,2022.57,0.81069,0.7045,1.11711,0.75621,0.73497,0.73955,0.48975,1.21136,1.07174,1.19492,0.017922,0.005974,0.017922,0.005974,0.017922,0.005974,0.017922,0.005974
124,2038.12,0.81991,0.70176,1.12695,0.79276,0.72289,0.73755,0.4887,1.19441,1.04969,1.18808,0.017823,0.005941,0.017823,0.005941,0.017823,0.005941,0.017823,0.005941
125,2053.82,0.8219,0.7119,1.12514,0.78618,0.70881,0.73029,0.49514,1.1727,1.04674,1.17558,0.017724,0.005908,0.017724,0.005908,0.017724,0.005908,0.017724,0.005908
126,2070.21,0.80194,0.69822,1.11422,0.75562,0.71888,0.73614,0.50045,1.19041,1.04893,1.18285,0.017625,0.005875,0.017625,0.005875,0.017625,0.005875,0.017625,0.005875
127,2086.94,0.8092,0.69212,1.11628,0.80945,0.70683,0.73726,0.49762,1.19716,1.0556,1.18522,0.017526,0.005842,0.017526,0.005842,0.017526,0.005842,0.017526,0.005842
128,2102.91,0.80727,0.69386,1.1156,0.77485,0.69478,0.73347,0.48223,1.21605,1.0801,1.20399,0.017427,0.005809,0.017427,0.005809,0.017427,0.005809,0.017427,0.005809
129,2119.54,0.80707,0.69732,1.12107,0.80046,0.69275,0.72629,0.48842,1.19796,1.05515,1.1813,0.017328,0.005776,0.017328,0.005776,0.017328,0.005776,0.017328,0.005776
130,2136.48,0.80049,0.68954,1.1068,0.82028,0.69653,0.73447,0.49143,1.2125,1.05818,1.19887,0.017229,0.005743,0.017229,0.005743,0.017229,0.005743,0.017229,0.005743
131,2153.43,0.79625,0.69092,1.10728,0.7844,0.69076,0.72718,0.48948,1.22072,1.07693,1.19599,0.01713,0.00571,0.01713,0.00571,0.01713,0.00571,0.01713,0.00571
132,2169.42,0.80528,0.70111,1.11447,0.76727,0.71497,0.71276,0.47358,1.207,1.07657,1.18931,0.017031,0.005677,0.017031,0.005677,0.017031,0.005677,0.017031,0.005677
133,2185.61,0.80626,0.69957,1.11654,0.76678,0.70281,0.70844,0.48639,1.19821,1.06025,1.20044,0.016932,0.005644,0.016932,0.005644,0.016932,0.005644,0.016932,0.005644
134,2201.22,0.79936,0.69626,1.11032,0.73273,0.73769,0.72325,0.48904,1.19688,1.0503,1.19114,0.016833,0.005611,0.016833,0.005611,0.016833,0.005611,0.016833,0.005611
135,2217.18,0.79465,0.68224,1.10987,0.7525,0.71888,0.73173,0.48995,1.21593,1.05713,1.20638,0.016734,0.005578,0.016734,0.005578,0.016734,0.005578,0.016734,0.005578
136,2233,0.79788,0.68353,1.09967,0.77979,0.70683,0.73443,0.48939,1.24977,1.08031,1.21783,0.016635,0.005545,0.016635,0.005545,0.016635,0.005545,0.016635,0.005545
137,2248.83,0.79029,0.68754,1.10373,0.80097,0.70281,0.73306,0.48129,1.24076,1.06978,1.21224,0.016536,0.005512,0.016536,0.005512,0.016536,0.005512,0.016536,0.005512
138,2264.63,0.78506,0.67577,1.09681,0.78537,0.72289,0.72317,0.4683,1.24671,1.08463,1.22591,0.016437,0.005479,0.016437,0.005479,0.016437,0.005479,0.016437,0.005479
139,2280.76,0.79231,0.67668,1.11239,0.79006,0.70683,0.72292,0.468,1.23329,1.07369,1.23153,0.016338,0.005446,0.016338,0.005446,0.016338,0.005446,0.016338,0.005446
140,2297,0.79348,0.67928,1.10452,0.7835,0.71486,0.71172,0.46925,1.21262,1.06279,1.22039,0.016239,0.005413,0.016239,0.005413,0.016239,0.005413,0.016239,0.005413
141,2313.54,0.79003,0.66592,1.09705,0.79192,0.71084,0.70945,0.48188,1.19133,1.07047,1.20478,0.01614,0.00538,0.01614,0.00538,0.01614,0.00538,0.01614,0.00538
142,2329.01,0.79609,0.67249,1.10758,0.77399,0.71486,0.69546,0.47401,1.2087,1.10271,1.21276,0.016041,0.005347,0.016041,0.005347,0.016041,0.005347,0.016041,0.005347
143,2344.16,0.79786,0.66486,1.11111,0.7965,0.70735,0.70487,0.47968,1.21032,1.04891,1.19805,0.015942,0.005314,0.015942,0.005314,0.015942,0.005314,0.015942,0.005314
144,2359.41,0.78579,0.67647,1.10268,0.79796,0.71378,0.72079,0.48573,1.23046,1.03783,1.20896,0.015843,0.005281,0.015843,0.005281,0.015843,0.005281,0.015843,0.005281
145,2374.71,0.78542,0.66094,1.09483,0.77831,0.70499,0.7195,0.4913,1.22806,1.04233,1.20805,0.015744,0.005248,0.015744,0.005248,0.015744,0.005248,0.015744,0.005248
146,2390.01,0.788,0.68766,1.1006,0.76643,0.68675,0.71638,0.48202,1.22764,1.06654,1.19387,0.015645,0.005215,0.015645,0.005215,0.015645,0.005215,0.015645,0.005215
147,2405.25,0.78833,0.66039,1.10343,0.7733,0.70683,0.70841,0.47566,1.2416,1.08528,1.21511,0.015546,0.005182,0.015546,0.005182,0.015546,0.005182,0.015546,0.005182
148,2421.71,0.77629,0.65644,1.09541,0.76685,0.71084,0.70233,0.4747,1.25583,1.07505,1.23386,0.015447,0.005149,0.015447,0.005149,0.015447,0.005149,0.015447,0.005149
149,2438.37,0.78146,0.65674,1.09507,0.75238,0.70774,0.70239,0.47223,1.23404,1.05421,1.22252,0.015348,0.005116,0.015348,0.005116,0.015348,0.005116,0.015348,0.005116
150,2454.36,0.77359,0.65435,1.0922,0.7606,0.72289,0.7087,0.4806,1.21972,1.0319,1.20744,0.015249,0.005083,0.015249,0.005083,0.015249,0.005083,0.015249,0.005083
151,2470.38,0.77613,0.6563,1.09686,0.77468,0.71799,0.71476,0.47891,1.22297,1.04121,1.20851,0.01515,0.00505,0.01515,0.00505,0.01515,0.00505,0.01515,0.00505
152,2487.08,0.77066,0.65819,1.08871,0.78632,0.72289,0.72631,0.49075,1.22884,1.03576,1.21065,0.015051,0.005017,0.015051,0.005017,0.015051,0.005017,0.015051,0.005017
153,2505.34,0.78324,0.65555,1.09012,0.79402,0.71216,0.71792,0.48099,1.22072,1.02301,1.20626,0.014952,0.004984,0.014952,0.004984,0.014952,0.004984,0.014952,0.004984
154,2523.78,0.77313,0.65874,1.09,0.79722,0.70683,0.71353,0.47544,1.20585,1.01951,1.20228,0.014853,0.004951,0.014853,0.004951,0.014853,0.004951,0.014853,0.004951
155,2541.32,0.77696,0.65285,1.09312,0.78283,0.71084,0.71032,0.46945,1.20954,1.03672,1.20738,0.014754,0.004918,0.014754,0.004918,0.014754,0.004918,0.014754,0.004918
156,2558.64,0.76223,0.64985,1.08314,0.80208,0.71084,0.71912,0.4852,1.19678,1.04941,1.19612,0.014655,0.004885,0.014655,0.004885,0.014655,0.004885,0.014655,0.004885
157,2575.97,0.77824,0.64691,1.09632,0.78627,0.70918,0.72447,0.48186,1.19308,1.03878,1.20063,0.014556,0.004852,0.014556,0.004852,0.014556,0.004852,0.014556,0.004852
158,2592.62,0.7627,0.65097,1.0876,0.77535,0.71888,0.72993,0.48429,1.17606,1.03275,1.18472,0.014457,0.004819,0.014457,0.004819,0.014457,0.004819,0.014457,0.004819
159,2610.15,0.77172,0.64869,1.08826,0.78434,0.73494,0.72818,0.48103,1.17298,1.01997,1.18631,0.014358,0.004786,0.014358,0.004786,0.014358,0.004786,0.014358,0.004786
160,2626.73,0.76482,0.65804,1.08435,0.76631,0.71084,0.71493,0.47492,1.18531,1.02998,1.20173,0.014259,0.004753,0.014259,0.004753,0.014259,0.004753,0.014259,0.004753
161,2642.41,0.77024,0.65687,1.0845,0.76446,0.71888,0.70733,0.46792,1.20016,1.04899,1.20444,0.01416,0.00472,0.01416,0.00472,0.01416,0.00472,0.01416,0.00472
162,2658.01,0.75965,0.6453,1.08084,0.76631,0.70683,0.7165,0.47445,1.18895,1.04356,1.19745,0.014061,0.004687,0.014061,0.004687,0.014061,0.004687,0.014061,0.004687
163,2673.93,0.76585,0.6393,1.08407,0.77014,0.71486,0.71052,0.47242,1.19009,1.03933,1.19191,0.013962,0.004654,0.013962,0.004654,0.013962,0.004654,0.013962,0.004654
164,2690.51,0.7593,0.64658,1.0881,0.79781,0.71486,0.72688,0.47399,1.19963,1.03895,1.19493,0.013863,0.004621,0.013863,0.004621,0.013863,0.004621,0.013863,0.004621
165,2706.4,0.7559,0.64023,1.08109,0.78185,0.72289,0.73374,0.48088,1.18469,1.02894,1.19043,0.013764,0.004588,0.013764,0.004588,0.013764,0.004588,0.013764,0.004588
166,2722.16,0.75398,0.63562,1.08041,0.79366,0.71057,0.7333,0.48802,1.17883,1.03437,1.18988,0.013665,0.004555,0.013665,0.004555,0.013665,0.004555,0.013665,0.004555
167,2737.98,0.74656,0.6315,1.07225,0.80707,0.70563,0.72768,0.49187,1.18279,1.04379,1.19382,0.013566,0.004522,0.013566,0.004522,0.013566,0.004522,0.013566,0.004522
168,2753.81,0.75847,0.64294,1.08182,0.78761,0.6988,0.7176,0.49444,1.16798,1.03944,1.18236,0.013467,0.004489,0.013467,0.004489,0.013467,0.004489,0.013467,0.004489
169,2769.94,0.7549,0.64236,1.08275,0.7548,0.71703,0.72102,0.48761,1.17401,1.04215,1.19425,0.013368,0.004456,0.013368,0.004456,0.013368,0.004456,0.013368,0.004456
170,2785.99,0.75664,0.62675,1.08107,0.80068,0.68675,0.72709,0.49307,1.19313,1.04968,1.20397,0.013269,0.004423,0.013269,0.004423,0.013269,0.004423,0.013269,0.004423
171,2801.65,0.7436,0.63267,1.07815,0.7932,0.68675,0.7266,0.48748,1.20039,1.05622,1.20256,0.01317,0.00439,0.01317,0.00439,0.01317,0.00439,0.01317,0.00439
172,2817.72,0.75686,0.62608,1.08251,0.7968,0.67718,0.72371,0.49107,1.19915,1.06163,1.19888,0.013071,0.004357,0.013071,0.004357,0.013071,0.004357,0.013071,0.004357
173,2833.42,0.75123,0.6326,1.08081,0.78732,0.69076,0.72051,0.48045,1.19915,1.0503,1.2002,0.012972,0.004324,0.012972,0.004324,0.012972,0.004324,0.012972,0.004324
174,2849.33,0.74849,0.62643,1.08266,0.77643,0.69737,0.72558,0.48701,1.20562,1.05347,1.20038,0.012873,0.004291,0.012873,0.004291,0.012873,0.004291,0.012873,0.004291
175,2865.39,0.74224,0.62039,1.07034,0.79266,0.70628,0.72688,0.48407,1.20352,1.05247,1.19567,0.012774,0.004258,0.012774,0.004258,0.012774,0.004258,0.012774,0.004258
176,2881.56,0.74858,0.62708,1.07926,0.77451,0.71486,0.72363,0.48389,1.20311,1.06785,1.19635,0.012675,0.004225,0.012675,0.004225,0.012675,0.004225,0.012675,0.004225
177,2898.2,0.74509,0.62466,1.07135,0.7676,0.71888,0.72423,0.48096,1.19765,1.06533,1.19268,0.012576,0.004192,0.012576,0.004192,0.012576,0.004192,0.012576,0.004192
178,2914.78,0.74685,0.62175,1.07663,0.79256,0.70683,0.72491,0.48258,1.20045,1.05761,1.19598,0.012477,0.004159,0.012477,0.004159,0.012477,0.004159,0.012477,0.004159
179,2931.41,0.74352,0.63203,1.07531,0.79428,0.71888,0.71989,0.47586,1.1989,1.05893,1.20596,0.012378,0.004126,0.012378,0.004126,0.012378,0.004126,0.012378,0.004126
180,2948.38,0.73811,0.61613,1.06645,0.81215,0.70281,0.71656,0.47445,1.19176,1.05748,1.20398,0.012279,0.004093,0.012279,0.004093,0.012279,0.004093,0.012279,0.004093
181,2964.58,0.73756,0.60666,1.074,0.81326,0.71888,0.71891,0.47612,1.18932,1.05671,1.20497,0.01218,0.00406,0.01218,0.00406,0.01218,0.00406,0.01218,0.00406
182,2980.24,0.73896,0.61522,1.074,0.80879,0.6988,0.72505,0.47244,1.1827,1.05634,1.19886,0.012081,0.004027,0.012081,0.004027,0.012081,0.004027,0.012081,0.004027
183,2996.07,0.74213,0.62232,1.07497,0.80814,0.70281,0.7177,0.46712,1.18603,1.05605,1.19976,0.011982,0.003994,0.011982,0.003994,0.011982,0.003994,0.011982,0.003994
184,3011.97,0.73947,0.61308,1.07169,0.81538,0.6988,0.71635,0.46908,1.18583,1.05014,1.19975,0.011883,0.003961,0.011883,0.003961,0.011883,0.003961,0.011883,0.003961
185,3028.25,0.73482,0.61434,1.06921,0.80607,0.69478,0.70578,0.46507,1.17415,1.04966,1.19602,0.011784,0.003928,0.011784,0.003928,0.011784,0.003928,0.011784,0.003928
186,3044.16,0.73206,0.60451,1.06338,0.78754,0.69968,0.69442,0.45988,1.17504,1.04891,1.19799,0.011685,0.003895,0.011685,0.003895,0.011685,0.003895,0.011685,0.003895
187,3060.03,0.74341,0.61332,1.07025,0.79341,0.69076,0.69748,0.46201,1.17949,1.05449,1.20504,0.011586,0.003862,0.011586,0.003862,0.011586,0.003862,0.011586,0.003862
188,3075.71,0.73138,0.60837,1.06139,0.78594,0.69478,0.70768,0.46482,1.18,1.05586,1.20273,0.011487,0.003829,0.011487,0.003829,0.011487,0.003829,0.011487,0.003829
189,3091.41,0.72202,0.60243,1.06016,0.78722,0.7132,0.7122,0.4688,1.17994,1.05361,1.19698,0.011388,0.003796,0.011388,0.003796,0.011388,0.003796,0.011388,0.003796
190,3106.96,0.71874,0.60063,1.056,0.78853,0.71881,0.7161,0.47549,1.17464,1.03864,1.19392,0.011289,0.003763,0.011289,0.003763,0.011289,0.003763,0.011289,0.003763
191,3123.46,0.73524,0.60286,1.06837,0.78726,0.71486,0.71422,0.47703,1.16963,1.03552,1.19253,0.01119,0.00373,0.01119,0.00373,0.01119,0.00373,0.01119,0.00373
192,3139.4,0.72138,0.60184,1.05902,0.77171,0.71953,0.71678,0.47986,1.1714,1.02966,1.19129,0.011091,0.003697,0.011091,0.003697,0.011091,0.003697,0.011091,0.003697
193,3155.69,0.72865,0.60173,1.0673,0.76815,0.72289,0.71871,0.47951,1.17191,1.03321,1.19077,0.010992,0.003664,0.010992,0.003664,0.010992,0.003664,0.010992,0.003664
194,3171.73,0.7252,0.5982,1.06278,0.77809,0.72289,0.72097,0.48088,1.17612,1.03124,1.19098,0.010893,0.003631,0.010893,0.003631,0.010893,0.003631,0.010893,0.003631
195,3187.61,0.71992,0.60738,1.05628,0.78238,0.71888,0.71487,0.47035,1.18302,1.03373,1.19444,0.010794,0.003598,0.010794,0.003598,0.010794,0.003598,0.010794,0.003598
196,3203.17,0.735,0.60292,1.06337,0.77797,0.71768,0.70516,0.46647,1.18725,1.03579,1.20016,0.010695,0.003565,0.010695,0.003565,0.010695,0.003565,0.010695,0.003565
197,3218.78,0.71427,0.58897,1.04913,0.77647,0.71084,0.69662,0.46197,1.18617,1.0336,1.19809,0.010596,0.003532,0.010596,0.003532,0.010596,0.003532,0.010596,0.003532
198,3234.95,0.72899,0.6042,1.06888,0.78128,0.71888,0.69375,0.46212,1.18648,1.03493,1.19517,0.010497,0.003499,0.010497,0.003499,0.010497,0.003499,0.010497,0.003499
199,3250.7,0.72235,0.59598,1.06183,0.77803,0.72289,0.69679,0.46633,1.18546,1.03697,1.18593,0.010398,0.003466,0.010398,0.003466,0.010398,0.003466,0.010398,0.003466
200,3266.65,0.71443,0.58184,1.05583,0.77073,0.71555,0.69921,0.46921,1.19228,1.04455,1.18714,0.010299,0.003433,0.010299,0.003433,0.010299,0.003433,0.010299,0.003433
201,3282.31,0.72958,0.5983,1.06076,0.76715,0.71486,0.70096,0.46941,1.19346,1.04242,1.18983,0.0102,0.0034,0.0102,0.0034,0.0102,0.0034,0.0102,0.0034
202,3298.08,0.71676,0.59549,1.05356,0.77441,0.71486,0.69883,0.47151,1.19502,1.04335,1.18701,0.010101,0.003367,0.010101,0.003367,0.010101,0.003367,0.010101,0.003367
203,3314.29,0.72183,0.5932,1.06204,0.78387,0.72289,0.69788,0.46902,1.20137,1.03804,1.19446,0.010002,0.003334,0.010002,0.003334,0.010002,0.003334,0.010002,0.003334
204,3330.48,0.70334,0.58502,1.05262,0.7766,0.72691,0.69937,0.4707,1.19875,1.0335,1.19369,0.009903,0.003301,0.009903,0.003301,0.009903,0.003301,0.009903,0.003301
205,3346.18,0.71477,0.58829,1.05496,0.78925,0.72289,0.70105,0.47457,1.20115,1.03751,1.19912,0.009804,0.003268,0.009804,0.003268,0.009804,0.003268,0.009804,0.003268
206,3362.13,0.71149,0.58581,1.05558,0.78481,0.71486,0.69844,0.47618,1.20894,1.04372,1.20318,0.009705,0.003235,0.009705,0.003235,0.009705,0.003235,0.009705,0.003235
207,3378.21,0.71031,0.5849,1.04939,0.77652,0.72289,0.69969,0.47182,1.21091,1.04703,1.21057,0.009606,0.003202,0.009606,0.003202,0.009606,0.003202,0.009606,0.003202
208,3393.88,0.70185,0.58613,1.04792,0.77815,0.72289,0.70643,0.46882,1.21055,1.04849,1.2144,0.009507,0.003169,0.009507,0.003169,0.009507,0.003169,0.009507,0.003169
209,3409.61,0.7069,0.58084,1.04768,0.78341,0.72631,0.70716,0.47397,1.20387,1.04167,1.20959,0.009408,0.003136,0.009408,0.003136,0.009408,0.003136,0.009408,0.003136
210,3425.36,0.7029,0.57953,1.04759,0.78643,0.71888,0.71058,0.47469,1.20251,1.03925,1.2081,0.009309,0.003103,0.009309,0.003103,0.009309,0.003103,0.009309,0.003103
211,3440.93,0.70824,0.58047,1.05297,0.79014,0.71888,0.71448,0.47242,1.19838,1.03651,1.20327,0.00921,0.00307,0.00921,0.00307,0.00921,0.00307,0.00921,0.00307
212,3456.54,0.70847,0.58908,1.05469,0.81487,0.72478,0.71901,0.47289,1.19468,1.03773,1.20109,0.009111,0.003037,0.009111,0.003037,0.009111,0.003037,0.009111,0.003037
213,3472.16,0.70896,0.58861,1.06257,0.80488,0.71486,0.71215,0.47288,1.19484,1.04152,1.19934,0.009012,0.003004,0.009012,0.003004,0.009012,0.003004,0.009012,0.003004
214,3487.86,0.70378,0.5855,1.04597,0.79986,0.71486,0.71451,0.47462,1.1859,1.04085,1.19522,0.008913,0.002971,0.008913,0.002971,0.008913,0.002971,0.008913,0.002971
215,3503.63,0.71659,0.5871,1.05628,0.80008,0.71888,0.71661,0.48024,1.18515,1.03961,1.19546,0.008814,0.002938,0.008814,0.002938,0.008814,0.002938,0.008814,0.002938
216,3519.29,0.70253,0.57024,1.04627,0.8002,0.72378,0.71753,0.48623,1.18493,1.0355,1.19529,0.008715,0.002905,0.008715,0.002905,0.008715,0.002905,0.008715,0.002905
