epoch,time,train/giou_loss,train/cls_loss,train/l1_loss,metrics/precision(B),metrics/recall(B),metrics/mAP50(B),metrics/mAP50-95(B),val/giou_loss,val/cls_loss,val/l1_loss,lr/pg0,lr/pg1,lr/pg2,lr/pg3,lr/pg4,lr/pg5,lr/pg6,lr/pg7
1,318.994,0.51906,1.96864,0.51691,0.87689,0.71511,0.7805,0.61435,0.29956,0.53924,0.23371,0.00997849,0.00332616,0.00997849,0.00332616,0.00997849,0.00332616,0.00997849,0.00332616
2,560.435,0.34498,0.52967,0.28173,0.84833,0.76707,0.80799,0.62472,0.30932,0.49284,0.21534,0.0199126,0.00663752,0.0199126,0.00663752,0.0199126,0.00663752,0.0199126,0.00663752
3,778.089,0.42661,0.53392,0.31105,0.79648,0.67585,0.73381,0.43885,0.49207,0.58669,0.30361,0.0297806,0.00992688,0.0297806,0.00992688,0.0297806,0.00992688,0.0297806,0.00992688
4,988.914,0.52174,0.55041,0.361,0.85734,0.73494,0.77399,0.51936,0.43201,0.52455,0.2813,0.029703,0.009901,0.029703,0.009901,0.029703,0.009901,0.029703,0.009901
5,1198.46,0.52306,0.52923,0.35319,0.77715,0.61622,0.67504,0.33365,0.66993,0.52821,0.38149,0.029604,0.009868,0.029604,0.009868,0.029604,0.009868,0.029604,0.009868
6,1413.44,0.49769,0.54334,0.33372,0.78046,0.65462,0.65534,0.35737,0.62129,0.51661,0.34974,0.029505,0.009835,0.029505,0.009835,0.029505,0.009835,0.029505,0.009835
7,1623.08,0.50316,0.53685,0.33152,0.77402,0.6878,0.71512,0.35221,0.65665,0.53972,0.33773,0.029406,0.009802,0.029406,0.009802,0.029406,0.009802,0.029406,0.009802
8,1830.83,0.52245,0.53432,0.33654,0.79495,0.70065,0.74329,0.41691,0.57222,0.51592,0.32125,0.029307,0.009769,0.029307,0.009769,0.029307,0.009769,0.029307,0.009769
9,2039.97,0.53189,0.51928,0.33957,0.84484,0.78313,0.78938,0.55417,0.38444,0.54573,0.26885,0.029208,0.009736,0.029208,0.009736,0.029208,0.009736,0.029208,0.009736
10,2247.61,0.51339,0.51133,0.33925,0.86886,0.76707,0.79279,0.58506,0.34451,0.52277,0.25088,0.029109,0.009703,0.029109,0.009703,0.029109,0.009703,0.029109,0.009703
11,2457.22,0.48567,0.51106,0.31928,0.84201,0.74915,0.79844,0.53177,0.43765,0.51032,0.27959,0.02901,0.00967,0.02901,0.00967,0.02901,0.00967,0.02901,0.00967
12,2662.91,0.49411,0.50521,0.31237,0.81929,0.78715,0.79445,0.56293,0.39049,0.49076,0.27235,0.028911,0.009637,0.028911,0.009637,0.028911,0.009637,0.028911,0.009637
13,2872.45,0.52038,0.48966,0.33291,0.8269,0.71084,0.74483,0.39664,0.60024,0.4961,0.32498,0.028812,0.009604,0.028812,0.009604,0.028812,0.009604,0.028812,0.009604
14,3082.85,0.50823,0.49673,0.31334,0.83107,0.76707,0.79695,0.55292,0.3812,0.50932,0.26559,0.028713,0.009571,0.028713,0.009571,0.028713,0.009571,0.028713,0.009571
15,3294.66,0.5328,0.4923,0.31829,0.82701,0.77108,0.81208,0.5787,0.37113,0.51167,0.24777,0.028614,0.009538,0.028614,0.009538,0.028614,0.009538,0.028614,0.009538
16,3504.19,0.48809,0.48181,0.30495,0.8714,0.73475,0.80069,0.53196,0.40895,0.51746,0.28043,0.028515,0.009505,0.028515,0.009505,0.028515,0.009505,0.028515,0.009505
17,3713.31,0.487,0.48029,0.30649,0.8543,0.75904,0.79562,0.53051,0.41697,0.52241,0.30137,0.028416,0.009472,0.028416,0.009472,0.028416,0.009472,0.028416,0.009472
18,3921.54,0.49895,0.50138,0.3029,0.82059,0.71888,0.75279,0.42347,0.55299,0.51315,0.28565,0.028317,0.009439,0.028317,0.009439,0.028317,0.009439,0.028317,0.009439
19,4130.36,0.47238,0.48709,0.29266,0.82741,0.77912,0.81049,0.56357,0.39379,0.49761,0.25821,0.028218,0.009406,0.028218,0.009406,0.028218,0.009406,0.028218,0.009406
20,4337.44,0.46506,0.48681,0.29304,0.83663,0.71084,0.74847,0.43327,0.53289,0.52564,0.32644,0.028119,0.009373,0.028119,0.009373,0.028119,0.009373,0.028119,0.009373
21,202.254,0.59675,0.85092,0.51247,0.79572,0.68831,0.72687,0.39495,0.57581,0.54599,0.34669,0.02802,0.00934,0.02802,0.00934,0.02802,0.00934,0.02802,0.00934
22,413.069,0.50645,0.5803,0.37357,0.8969,0.73365,0.80126,0.58408,0.36461,0.51126,0.25063,0.027921,0.009307,0.027921,0.009307,0.027921,0.009307,0.027921,0.009307
23,620.518,0.50675,0.55962,0.34838,0.84919,0.72362,0.76368,0.55979,0.36553,0.55612,0.26235,0.027822,0.009274,0.027822,0.009274,0.027822,0.009274,0.027822,0.009274
24,831.419,0.49783,0.5387,0.34627,0.93401,0.73901,0.81172,0.56585,0.37578,0.51939,0.2751,0.027723,0.009241,0.027723,0.009241,0.027723,0.009241,0.027723,0.009241
25,1040.59,0.51065,0.53274,0.34358,0.89117,0.74297,0.81126,0.57764,0.37808,0.51502,0.26703,0.027624,0.009208,0.027624,0.009208,0.027624,0.009208,0.027624,0.009208
26,1250.24,0.50726,0.52353,0.3352,0.87348,0.7486,0.80837,0.5839,0.36376,0.52591,0.23834,0.027525,0.009175,0.027525,0.009175,0.027525,0.009175,0.027525,0.009175
27,1464.01,0.51345,0.5138,0.33212,0.8633,0.71888,0.79402,0.59265,0.3534,0.49214,0.28382,0.027426,0.009142,0.027426,0.009142,0.027426,0.009142,0.027426,0.009142
28,1672.33,0.48606,0.52772,0.31013,0.82551,0.72198,0.78068,0.5241,0.4294,0.52755,0.28787,0.027327,0.009109,0.027327,0.009109,0.027327,0.009109,0.027327,0.009109
29,1880.31,0.48556,0.51575,0.30619,0.89291,0.77108,0.81518,0.60564,0.3265,0.51311,0.24195,0.027228,0.009076,0.027228,0.009076,0.027228,0.009076,0.027228,0.009076
30,2090.81,0.4629,0.49957,0.30927,0.82837,0.77535,0.81081,0.59619,0.35101,0.49919,0.23412,0.027129,0.009043,0.027129,0.009043,0.027129,0.009043,0.027129,0.009043
31,2301.54,0.4895,0.50007,0.31805,0.84807,0.77108,0.80542,0.57716,0.35571,0.51139,0.23066,0.02703,0.00901,0.02703,0.00901,0.02703,0.00901,0.02703,0.00901
32,2510.32,0.46802,0.48583,0.30065,0.81485,0.75904,0.8071,0.61434,0.33641,0.48401,0.24221,0.026931,0.008977,0.026931,0.008977,0.026931,0.008977,0.026931,0.008977
33,2720.82,0.47289,0.49454,0.30461,0.82885,0.77796,0.8096,0.59274,0.34177,0.52185,0.22234,0.026832,0.008944,0.026832,0.008944,0.026832,0.008944,0.026832,0.008944
34,2928.62,0.464,0.4945,0.29916,0.8602,0.76707,0.80851,0.56781,0.37307,0.53137,0.24753,0.026733,0.008911,0.026733,0.008911,0.026733,0.008911,0.026733,0.008911
35,3136.62,0.4876,0.48217,0.30008,0.83393,0.77912,0.7944,0.5682,0.34637,0.53067,0.24465,0.026634,0.008878,0.026634,0.008878,0.026634,0.008878,0.026634,0.008878
36,175.975,0.51353,0.88496,0.43333,0.85389,0.70413,0.75575,0.53997,0.37634,0.58487,0.2361,0.026535,0.008845,0.026535,0.008845,0.026535,0.008845,0.026535,0.008845
37,352.336,0.48033,0.5778,0.34928,0.85828,0.70534,0.77088,0.54115,0.39463,0.56275,0.26025,0.026436,0.008812,0.026436,0.008812,0.026436,0.008812,0.026436,0.008812
38,530.127,0.50036,0.54771,0.3418,0.85074,0.75502,0.79404,0.59509,0.3299,0.56451,0.21459,0.026337,0.008779,0.026337,0.008779,0.026337,0.008779,0.026337,0.008779
39,705.932,0.47828,0.53696,0.33156,0.86126,0.74297,0.80328,0.60679,0.32291,0.52561,0.22221,0.026238,0.008746,0.026238,0.008746,0.026238,0.008746,0.026238,0.008746
40,880.907,0.4585,0.52804,0.30887,0.87739,0.72691,0.80701,0.5765,0.35919,0.53414,0.22006,0.026139,0.008713,0.026139,0.008713,0.026139,0.008713,0.026139,0.008713
41,1058.42,0.4771,0.52625,0.3126,0.85217,0.74082,0.80079,0.58605,0.33525,0.53315,0.22022,0.02604,0.00868,0.02604,0.00868,0.02604,0.00868,0.02604,0.00868
42,1235.63,0.48371,0.52335,0.30646,0.85706,0.71888,0.77617,0.51766,0.41221,0.53848,0.23445,0.025941,0.008647,0.025941,0.008647,0.025941,0.008647,0.025941,0.008647
43,1410.58,0.46422,0.52371,0.29898,0.85841,0.76305,0.81581,0.53063,0.4334,0.51671,0.26993,0.025842,0.008614,0.025842,0.008614,0.025842,0.008614,0.025842,0.008614
44,1584.6,0.47108,0.51107,0.29021,0.86391,0.77108,0.82778,0.6201,0.33408,0.51019,0.23069,0.025743,0.008581,0.025743,0.008581,0.025743,0.008581,0.025743,0.008581
45,1759.58,0.45831,0.50265,0.29445,0.85268,0.79034,0.81132,0.55999,0.38826,0.49352,0.23166,0.025644,0.008548,0.025644,0.008548,0.025644,0.008548,0.025644,0.008548
46,1935.28,0.44708,0.49139,0.29001,0.9028,0.73896,0.82774,0.61133,0.34461,0.5139,0.21546,0.025545,0.008515,0.025545,0.008515,0.025545,0.008515,0.025545,0.008515
47,2111.57,0.43906,0.48952,0.28656,0.84313,0.73392,0.80027,0.60898,0.31895,0.50965,0.22072,0.025446,0.008482,0.025446,0.008482,0.025446,0.008482,0.025446,0.008482
48,2287.77,0.46188,0.4886,0.28819,0.89212,0.73896,0.80547,0.59459,0.34568,0.49532,0.22767,0.025347,0.008449,0.025347,0.008449,0.025347,0.008449,0.025347,0.008449
49,2461.6,0.48425,0.48869,0.28921,0.87557,0.76707,0.81968,0.5968,0.34215,0.50083,0.24412,0.025248,0.008416,0.025248,0.008416,0.025248,0.008416,0.025248,0.008416
50,2636.37,0.46541,0.47053,0.27845,0.89093,0.75904,0.82951,0.63932,0.30827,0.48749,0.22774,0.025149,0.008383,0.025149,0.008383,0.025149,0.008383,0.025149,0.008383
51,2812.31,0.42861,0.479,0.27083,0.82181,0.7779,0.81539,0.59939,0.3544,0.48745,0.25858,0.02505,0.00835,0.02505,0.00835,0.02505,0.00835,0.02505,0.00835
52,2986.54,0.45541,0.47728,0.27816,0.87318,0.77421,0.81853,0.63241,0.29902,0.50778,0.21478,0.024951,0.008317,0.024951,0.008317,0.024951,0.008317,0.024951,0.008317
53,3161.28,0.45926,0.46722,0.27998,0.8616,0.7751,0.83505,0.62155,0.32771,0.50487,0.2157,0.024852,0.008284,0.024852,0.008284,0.024852,0.008284,0.024852,0.008284
54,3335.97,0.45049,0.46452,0.27695,0.87178,0.7751,0.82051,0.6231,0.30066,0.51755,0.22769,0.024753,0.008251,0.024753,0.008251,0.024753,0.008251,0.024753,0.008251
55,3511.39,0.47099,0.47486,0.28317,0.83816,0.76957,0.79515,0.59648,0.33071,0.50541,0.23558,0.024654,0.008218,0.024654,0.008218,0.024654,0.008218,0.024654,0.008218
56,250.509,0.50268,0.9071,0.45409,0.86922,0.74297,0.77779,0.57602,0.34339,0.54806,0.25148,0.024555,0.008185,0.024555,0.008185,0.024555,0.008185,0.024555,0.008185
57,516.871,0.44362,0.59224,0.3525,0.86424,0.65462,0.68975,0.5338,nan,nan,nan,0.024456,0.008152,0.024456,0.008152,0.024456,0.008152,0.024456,0.008152
58,781.584,0.46112,0.55293,0.34299,0.85312,0.74644,0.78262,0.57768,0.34984,0.52763,0.25376,0.024357,0.008119,0.024357,0.008119,0.024357,0.008119,0.024357,0.008119
59,1045.89,0.44203,0.53429,0.33244,0.88525,0.74356,0.81634,0.6062,0.3266,0.49923,0.25345,0.024258,0.008086,0.024258,0.008086,0.024258,0.008086,0.024258,0.008086
60,1308.07,0.45626,0.52043,0.32283,0.89061,0.73092,0.82554,0.61705,0.33181,0.48802,0.26024,0.024159,0.008053,0.024159,0.008053,0.024159,0.008053,0.024159,0.008053
61,1563.23,0.45604,0.52643,0.31034,0.91948,0.73375,0.82722,0.62198,0.33805,0.4708,0.25191,0.02406,0.00802,0.02406,0.00802,0.02406,0.00802,0.02406,0.00802
62,1828.7,0.45651,0.50985,0.30118,0.86261,0.74699,0.79621,0.61,0.31198,0.51153,0.23649,0.023961,0.007987,0.023961,0.007987,0.023961,0.007987,0.023961,0.007987
63,2094.52,0.44365,0.51409,0.2938,0.81526,0.77108,0.82257,0.64285,0.31449,0.48602,0.22573,0.023862,0.007954,0.023862,0.007954,0.023862,0.007954,0.023862,0.007954
64,2358.12,0.43815,0.50734,0.28018,0.83588,0.7751,0.82525,0.61709,0.32277,0.50939,0.22286,0.023763,0.007921,0.023763,0.007921,0.023763,0.007921,0.023763,0.007921
65,2622.75,0.44561,0.49155,0.2948,0.83553,0.77526,0.82032,0.63259,0.3127,0.49634,0.24486,0.023664,0.007888,0.023664,0.007888,0.023664,0.007888,0.023664,0.007888
66,2884.35,0.44866,0.48712,0.29456,0.84689,0.77749,0.81179,0.58776,0.36572,0.5023,0.25699,0.023565,0.007855,0.023565,0.007855,0.023565,0.007855,0.023565,0.007855
67,3145.67,0.44759,0.49586,0.29017,0.88013,0.78313,0.82018,0.5797,0.36445,0.50429,0.24849,0.023466,0.007822,0.023466,0.007822,0.023466,0.007822,0.023466,0.007822
68,3411.08,0.44085,0.48802,0.28235,0.89336,0.77382,0.83541,0.62787,0.31325,0.48861,0.23261,0.023367,0.007789,0.023367,0.007789,0.023367,0.007789,0.023367,0.007789
69,3676.83,0.43968,0.48959,0.27246,0.88285,0.78694,0.83119,0.64715,0.30488,0.47673,0.23694,0.023268,0.007756,0.023268,0.007756,0.023268,0.007756,0.023268,0.007756
70,3935,0.44454,0.47231,0.28175,0.87437,0.75502,0.81778,0.61581,0.34574,0.47288,0.23151,0.023169,0.007723,0.023169,0.007723,0.023169,0.007723,0.023169,0.007723
71,4198.77,0.41821,0.47712,0.26538,0.88317,0.80321,0.8469,0.63665,0.31069,0.47356,0.23353,0.02307,0.00769,0.02307,0.00769,0.02307,0.00769,0.02307,0.00769
72,4460.82,0.4201,0.46107,0.26517,0.83746,0.80699,0.82552,0.64107,0.295,0.48393,0.22506,0.022971,0.007657,0.022971,0.007657,0.022971,0.007657,0.022971,0.007657
73,4723.77,0.4299,0.47377,0.27278,0.83486,0.7992,0.82646,0.62888,0.31593,0.49373,0.21685,0.022872,0.007624,0.022872,0.007624,0.022872,0.007624,0.022872,0.007624
74,4988.25,0.4178,0.45984,0.26515,0.89113,0.75606,0.82681,0.62425,0.3017,0.50024,0.22298,0.022773,0.007591,0.022773,0.007591,0.022773,0.007591,0.022773,0.007591
75,5252.47,0.40746,0.46127,0.25537,0.88347,0.7751,0.82874,0.61518,0.33503,0.49102,0.25099,0.022674,0.007558,0.022674,0.007558,0.022674,0.007558,0.022674,0.007558
76,5514.59,0.42692,0.46227,0.26029,0.86016,0.78313,0.82738,0.63092,0.31002,0.4885,0.21405,0.022575,0.007525,0.022575,0.007525,0.022575,0.007525,0.022575,0.007525
77,5779.81,0.41383,0.44658,0.25677,0.87768,0.80684,0.83399,0.63534,0.29859,0.48693,0.21718,0.022476,0.007492,0.022476,0.007492,0.022476,0.007492,0.022476,0.007492
78,6041.02,0.40369,0.45792,0.25561,0.86198,0.7751,0.82526,0.6188,0.3281,0.46525,0.23671,0.022377,0.007459,0.022377,0.007459,0.022377,0.007459,0.022377,0.007459
79,6303.34,0.41031,0.44957,0.25208,0.86268,0.78216,0.83899,0.64512,0.30001,0.47338,0.21782,0.022278,0.007426,0.022278,0.007426,0.022278,0.007426,0.022278,0.007426
80,6568.79,0.38321,0.44698,0.23727,0.88245,0.79518,0.8406,0.64323,0.30492,0.46263,0.21628,0.022179,0.007393,0.022179,0.007393,0.022179,0.007393,0.022179,0.007393
81,6833.1,0.40086,0.44169,0.24696,0.85585,0.77912,0.81907,0.6469,0.27823,0.50133,0.20193,0.02208,0.00736,0.02208,0.00736,0.02208,0.00736,0.02208,0.00736
82,7095.83,0.40948,0.43593,0.2473,0.90262,0.75904,0.84259,0.6445,0.29897,0.46641,0.23316,0.021981,0.007327,0.021981,0.007327,0.021981,0.007327,0.021981,0.007327
83,7361.46,0.39604,0.43803,0.23016,0.89351,0.78715,0.85811,0.66152,0.27821,0.48019,0.19707,0.021882,0.007294,0.021882,0.007294,0.021882,0.007294,0.021882,0.007294
84,7622.76,0.38718,0.42332,0.23244,0.90776,0.7751,0.83381,0.63202,0.3075,0.46988,0.24318,0.021783,0.007261,0.021783,0.007261,0.021783,0.007261,0.021783,0.007261
85,7883.82,0.39979,0.42475,0.23212,0.87402,0.75228,0.8076,0.60371,0.31345,0.48675,0.22483,0.021684,0.007228,0.021684,0.007228,0.021684,0.007228,0.021684,0.007228
86,8146.61,0.40492,0.42824,0.24518,0.88176,0.7751,0.8111,0.63211,0.30463,0.47725,0.24081,0.021585,0.007195,0.021585,0.007195,0.021585,0.007195,0.021585,0.007195
87,8410.19,0.38975,0.42677,0.23092,0.88135,0.76305,0.79711,0.60257,0.32506,0.50032,0.23439,0.021486,0.007162,0.021486,0.007162,0.021486,0.007162,0.021486,0.007162
88,8673.09,0.38566,0.42649,0.23278,0.86475,0.77108,0.79443,0.61226,0.31359,0.49192,0.25499,0.021387,0.007129,0.021387,0.007129,0.021387,0.007129,0.021387,0.007129
89,8933.99,0.37994,0.42314,0.22512,0.85022,0.77912,0.83481,0.64129,0.30178,0.48689,0.25106,0.021288,0.007096,0.021288,0.007096,0.021288,0.007096,0.021288,0.007096
90,9198.12,0.36592,0.40707,0.22038,0.85912,0.81928,0.83711,0.64757,0.30116,0.46193,0.2593,0.021189,0.007063,0.021189,0.007063,0.021189,0.007063,0.021189,0.007063
91,9462.8,0.37081,0.40867,0.2236,0.84123,0.78313,0.81747,0.61708,0.31982,0.50079,0.23099,0.02109,0.00703,0.02109,0.00703,0.02109,0.00703,0.02109,0.00703
92,9725.35,0.38942,0.41418,0.23137,0.866,0.77108,0.81581,0.61637,0.33056,0.48398,0.2262,0.020991,0.006997,0.020991,0.006997,0.020991,0.006997,0.020991,0.006997
93,9989.53,0.38473,0.41132,0.22905,0.87955,0.79116,0.83383,0.6421,0.30766,0.45288,0.24147,0.020892,0.006964,0.020892,0.006964,0.020892,0.006964,0.020892,0.006964
94,10252.3,0.35387,0.39657,0.21221,0.89293,0.79116,0.83884,0.63614,0.31222,0.47343,0.26228,0.020793,0.006931,0.020793,0.006931,0.020793,0.006931,0.020793,0.006931
95,10518,0.3739,0.39768,0.21404,0.90194,0.79116,0.8523,0.6471,0.30626,0.46357,0.23427,0.020694,0.006898,0.020694,0.006898,0.020694,0.006898,0.020694,0.006898
96,10781.7,0.37439,0.40088,0.21567,0.90335,0.79116,0.82772,0.63281,0.31063,0.46965,0.25247,0.020595,0.006865,0.020595,0.006865,0.020595,0.006865,0.020595,0.006865
97,11047.2,0.36922,0.39474,0.2171,0.87903,0.78313,0.81964,0.62836,0.30164,0.49203,0.25168,0.020496,0.006832,0.020496,0.006832,0.020496,0.006832,0.020496,0.006832
98,11312,0.35314,0.39179,0.20945,0.83021,0.8051,0.81442,0.62692,0.30473,0.49596,0.27252,0.020397,0.006799,0.020397,0.006799,0.020397,0.006799,0.020397,0.006799
99,11574.7,0.34543,0.38891,0.20129,0.86632,0.78078,0.81701,0.62813,0.30964,0.49549,0.23833,0.020298,0.006766,0.020298,0.006766,0.020298,0.006766,0.020298,0.006766
100,11832,0.38825,0.39381,0.22841,0.87311,0.78313,0.81548,0.62642,0.31802,0.46883,0.27286,0.020199,0.006733,0.020199,0.006733,0.020199,0.006733,0.020199,0.006733
101,12090,0.3845,0.38901,0.21548,0.87588,0.79518,0.84053,0.64725,0.30506,0.46598,0.24174,0.0201,0.0067,0.0201,0.0067,0.0201,0.0067,0.0201,0.0067
102,12353.6,0.35616,0.38432,0.20395,0.863,0.7751,0.82844,0.64683,0.30342,0.47568,0.23674,0.020001,0.006667,0.020001,0.006667,0.020001,0.006667,0.020001,0.006667
103,12618.1,0.36648,0.38962,0.20421,0.82868,0.81591,0.81948,0.62621,0.30976,0.48509,0.2455,0.019902,0.006634,0.019902,0.006634,0.019902,0.006634,0.019902,0.006634
104,12880.8,0.35406,0.38422,0.20338,0.8483,0.80321,0.82039,0.64349,0.2943,0.48096,0.2525,0.019803,0.006601,0.019803,0.006601,0.019803,0.006601,0.019803,0.006601
105,13141,0.36393,0.38688,0.20734,0.81794,0.7751,0.77928,0.60206,0.33206,0.49679,0.29672,0.019704,0.006568,0.019704,0.006568,0.019704,0.006568,0.019704,0.006568
106,13405,0.33539,0.36967,0.19556,0.83131,0.7992,0.80212,0.62108,0.32665,0.48481,0.31004,0.019605,0.006535,0.019605,0.006535,0.019605,0.006535,0.019605,0.006535
107,13669.7,0.34804,0.37699,0.20279,0.86051,0.7992,0.81848,0.63415,0.31773,0.46596,0.28051,0.019506,0.006502,0.019506,0.006502,0.019506,0.006502,0.019506,0.006502
108,13936.3,0.37069,0.38052,0.20984,0.85778,0.77912,0.7972,0.62999,0.30538,0.48689,0.28122,0.019407,0.006469,0.019407,0.006469,0.019407,0.006469,0.019407,0.006469
109,14199.3,0.33606,0.37134,0.1904,0.84173,0.7992,0.80417,0.62922,0.32638,0.45111,0.31737,0.019308,0.006436,0.019308,0.006436,0.019308,0.006436,0.019308,0.006436
110,14461.1,0.34563,0.37292,0.18758,0.83398,0.78678,0.80029,0.61644,0.31828,0.50885,0.29469,0.019209,0.006403,0.019209,0.006403,0.019209,0.006403,0.019209,0.006403
111,14726.6,0.36982,0.38835,0.20349,0.87197,0.76707,0.80711,0.62667,0.31745,0.50193,0.26513,0.01911,0.00637,0.01911,0.00637,0.01911,0.00637,0.01911,0.00637
112,14992,0.35191,0.37865,0.19863,0.87745,0.74699,0.80222,0.63358,0.31016,0.50421,0.27339,0.019011,0.006337,0.019011,0.006337,0.019011,0.006337,0.019011,0.006337
113,15256.6,0.34625,0.38,0.19493,0.86097,0.75904,0.79556,0.61921,0.33253,0.48368,0.29367,0.018912,0.006304,0.018912,0.006304,0.018912,0.006304,0.018912,0.006304
114,15520.6,0.33794,0.36893,0.18544,0.86833,0.78715,0.79988,0.62166,0.30981,0.4836,0.29628,0.018813,0.006271,0.018813,0.006271,0.018813,0.006271,0.018813,0.006271
115,15784.8,0.33717,0.3563,0.18283,0.87166,0.77912,0.81017,0.62309,0.32397,0.50085,0.28711,0.018714,0.006238,0.018714,0.006238,0.018714,0.006238,0.018714,0.006238
116,16048,0.33713,0.37298,0.18633,0.85,0.77376,0.79989,0.60816,0.34562,0.50491,0.27238,0.018615,0.006205,0.018615,0.006205,0.018615,0.006205,0.018615,0.006205
117,16308.4,0.32173,0.35455,0.18019,0.8443,0.78313,0.80455,0.62628,0.32231,0.4733,0.30336,0.018516,0.006172,0.018516,0.006172,0.018516,0.006172,0.018516,0.006172
118,16571.4,0.34778,0.36218,0.18807,0.84267,0.80321,0.80201,0.61966,0.3068,0.50152,0.26836,0.018417,0.006139,0.018417,0.006139,0.018417,0.006139,0.018417,0.006139
119,16832.4,0.33811,0.36169,0.18614,0.85589,0.7751,0.8008,0.62865,0.30367,0.49018,0.27928,0.018318,0.006106,0.018318,0.006106,0.018318,0.006106,0.018318,0.006106
120,17089.7,0.32498,0.36505,0.18626,0.8541,0.77581,0.80762,0.6268,0.29837,0.53304,0.26621,0.018219,0.006073,0.018219,0.006073,0.018219,0.006073,0.018219,0.006073
121,17353.4,0.32275,0.35769,0.18523,0.86435,0.79332,0.82033,0.62579,0.31666,0.49279,0.27515,0.01812,0.00604,0.01812,0.00604,0.01812,0.00604,0.01812,0.00604
122,17615.9,0.34734,0.36324,0.18517,0.88028,0.80321,0.82161,0.64169,0.32429,0.4736,0.27366,0.018021,0.006007,0.018021,0.006007,0.018021,0.006007,0.018021,0.006007
123,17879.8,0.32618,0.35987,0.17453,0.86698,0.78529,0.79225,0.62506,0.3091,0.49086,0.2839,0.017922,0.005974,0.017922,0.005974,0.017922,0.005974,0.017922,0.005974
124,161.927,0.49263,1.59079,0.46406,0.89658,0.73117,0.80909,0.65052,0.28199,0.53486,0.20672,0.017823,0.005941,0.017823,0.005941,0.017823,0.005941,0.017823,0.005941
125,322.923,0.38236,0.54516,0.29126,0.8935,0.751,0.8263,0.67499,0.27286,0.47006,0.21084,0.017724,0.005908,0.017724,0.005908,0.017724,0.005908,0.017724,0.005908
126,483.834,0.39265,0.51551,0.28659,0.90489,0.72598,0.82367,0.66333,0.28048,0.47399,0.21857,0.017625,0.005875,0.017625,0.005875,0.017625,0.005875,0.017625,0.005875
127,643.707,0.36881,0.51069,0.2619,0.85183,0.76191,0.82734,0.6626,0.27845,0.47114,0.19879,0.017526,0.005842,0.017526,0.005842,0.017526,0.005842,0.017526,0.005842
128,805.594,0.373,0.49984,0.25916,0.89782,0.75502,0.84423,0.67499,0.27357,0.47094,0.20996,0.017427,0.005809,0.017427,0.005809,0.017427,0.005809,0.017427,0.005809
129,968.239,0.35957,0.48364,0.25479,0.91041,0.7346,0.84149,0.66174,0.27914,0.47283,0.20276,0.017328,0.005776,0.017328,0.005776,0.017328,0.005776,0.017328,0.005776
130,1129.61,0.35501,0.48807,0.25006,0.8758,0.76463,0.83271,0.67892,0.26837,0.46536,0.20809,0.017229,0.005743,0.017229,0.005743,0.017229,0.005743,0.017229,0.005743
131,1290.32,0.35836,0.48681,0.25056,0.86751,0.76258,0.82872,0.66605,0.27413,0.46454,0.2015,0.01713,0.00571,0.01713,0.00571,0.01713,0.00571,0.01713,0.00571
132,1450.93,0.35787,0.47726,0.24103,0.89342,0.77432,0.83667,0.67788,0.25879,0.4582,0.20198,0.017031,0.005677,0.017031,0.005677,0.017031,0.005677,0.017031,0.005677
133,1610.92,0.35528,0.46364,0.24366,0.86204,0.75281,0.83682,0.67574,0.26305,0.46218,0.19886,0.016932,0.005644,0.016932,0.005644,0.016932,0.005644,0.016932,0.005644
134,1770.72,0.34382,0.46302,0.23461,0.87095,0.76707,0.83628,0.67237,0.27175,0.45427,0.20279,0.016833,0.005611,0.016833,0.005611,0.016833,0.005611,0.016833,0.005611
135,1931.49,0.34811,0.45408,0.23326,0.85144,0.77912,0.84036,0.67442,0.27064,0.45338,0.19947,0.016734,0.005578,0.016734,0.005578,0.016734,0.005578,0.016734,0.005578
136,2090.94,0.34781,0.45726,0.23139,0.89566,0.7751,0.84374,0.67647,0.26061,0.44574,0.19603,0.016635,0.005545,0.016635,0.005545,0.016635,0.005545,0.016635,0.005545
137,2251.55,0.3536,0.45412,0.22783,0.8668,0.77912,0.82811,0.66626,0.26636,0.46249,0.19641,0.016536,0.005512,0.016536,0.005512,0.016536,0.005512,0.016536,0.005512
138,2412.12,0.36109,0.43701,0.23155,0.8808,0.77912,0.82268,0.65904,0.27096,0.46768,0.20729,0.016437,0.005479,0.016437,0.005479,0.016437,0.005479,0.016437,0.005479
139,2572.08,0.3371,0.42878,0.21721,0.85822,0.79518,0.82362,0.66204,0.26611,0.45833,0.19613,0.016338,0.005446,0.016338,0.005446,0.016338,0.005446,0.016338,0.005446
140,2732.48,0.34417,0.42681,0.22046,0.87319,0.80198,0.82519,0.66158,0.27528,0.45518,0.21228,0.016239,0.005413,0.016239,0.005413,0.016239,0.005413,0.016239,0.005413
141,2892.99,0.34225,0.42303,0.21965,0.8801,0.77912,0.82584,0.66094,0.26798,0.46526,0.20258,0.01614,0.00538,0.01614,0.00538,0.01614,0.00538,0.01614,0.00538
142,3054,0.33158,0.41153,0.21361,0.8885,0.80321,0.83436,0.65449,0.27312,0.47413,0.20098,0.016041,0.005347,0.016041,0.005347,0.016041,0.005347,0.016041,0.005347
143,3214.37,0.3356,0.42171,0.21208,0.8541,0.79934,0.83976,0.64618,0.28882,0.46685,0.20873,0.015942,0.005314,0.015942,0.005314,0.015942,0.005314,0.015942,0.005314
144,3374.96,0.32577,0.40627,0.21405,0.84057,0.80723,0.8388,0.64851,0.27422,0.46269,0.19054,0.015843,0.005281,0.015843,0.005281,0.015843,0.005281,0.015843,0.005281
145,3535.83,0.32926,0.40562,0.20938,0.85959,0.78677,0.8316,0.64016,0.28366,0.48485,0.20551,0.015744,0.005248,0.015744,0.005248,0.015744,0.005248,0.015744,0.005248
146,3698.88,0.32989,0.40834,0.20436,0.86792,0.78313,0.83224,0.64445,0.27642,0.46801,0.21224,0.015645,0.005215,0.015645,0.005215,0.015645,0.005215,0.015645,0.005215
147,3858.86,0.31683,0.39858,0.20544,0.89092,0.77912,0.83851,0.65295,0.26908,0.47187,0.20742,0.015546,0.005182,0.015546,0.005182,0.015546,0.005182,0.015546,0.005182
148,4018.81,0.31672,0.3974,0.19653,0.85407,0.77566,0.84188,0.66656,0.26573,0.4514,0.20232,0.015447,0.005149,0.015447,0.005149,0.015447,0.005149,0.015447,0.005149
149,4179.53,0.32778,0.39907,0.20101,0.88119,0.77441,0.83687,0.6555,0.27402,0.46884,0.21391,0.015348,0.005116,0.015348,0.005116,0.015348,0.005116,0.015348,0.005116
150,4340.44,0.3178,0.38603,0.19969,0.87147,0.78715,0.82876,0.65352,0.2771,0.46973,0.22809,0.015249,0.005083,0.015249,0.005083,0.015249,0.005083,0.015249,0.005083
151,4505.38,0.31597,0.38709,0.19047,0.90827,0.75553,0.82979,0.6642,0.26734,0.4622,0.2221,0.01515,0.00505,0.01515,0.00505,0.01515,0.00505,0.01515,0.00505
152,4669.47,0.30592,0.38417,0.18927,0.85713,0.77097,0.8281,0.66595,0.27167,0.44286,0.2277,0.015051,0.005017,0.015051,0.005017,0.015051,0.005017,0.015051,0.005017
153,4830.04,0.31432,0.37847,0.19189,0.88322,0.78974,0.82607,0.66956,0.26789,0.45367,0.21114,0.014952,0.004984,0.014952,0.004984,0.014952,0.004984,0.014952,0.004984
154,160.724,0.45967,1.02004,0.42052,0.895,0.75313,0.83049,0.64126,0.30004,0.49798,0.23276,0.014853,0.004951,0.014853,0.004951,0.014853,0.004951,0.014853,0.004951
155,322.524,0.35569,0.54361,0.29033,0.9249,0.75502,0.83503,0.65135,0.29259,0.49992,0.22123,0.014754,0.004918,0.014754,0.004918,0.014754,0.004918,0.014754,0.004918
156,485.203,0.36202,0.51994,0.27276,0.89463,0.77108,0.83811,0.66283,0.27759,0.4678,0.22021,0.014655,0.004885,0.014655,0.004885,0.014655,0.004885,0.014655,0.004885
157,649.511,0.34408,0.50556,0.25752,0.88333,0.78313,0.84101,0.68049,0.26397,0.45184,0.21287,0.014556,0.004852,0.014556,0.004852,0.014556,0.004852,0.014556,0.004852
158,812.127,0.33285,0.48425,0.25598,0.89365,0.78313,0.83923,0.68106,0.25152,0.45905,0.19668,0.014457,0.004819,0.014457,0.004819,0.014457,0.004819,0.014457,0.004819
159,975.872,0.32676,0.4781,0.24754,0.88112,0.77912,0.84031,0.68628,0.24748,0.45178,0.20093,0.014358,0.004786,0.014358,0.004786,0.014358,0.004786,0.014358,0.004786
160,1138.51,0.3501,0.48476,0.24632,0.86395,0.77912,0.83928,0.68548,0.255,0.4519,0.19647,0.014259,0.004753,0.014259,0.004753,0.014259,0.004753,0.014259,0.004753
161,1300.35,0.31954,0.46728,0.23138,0.89645,0.76486,0.84769,0.68438,0.2585,0.44607,0.20713,0.01416,0.00472,0.01416,0.00472,0.01416,0.00472,0.01416,0.00472
162,1461.83,0.3167,0.45483,0.22252,0.90167,0.77335,0.85195,0.68476,0.26289,0.44723,0.20693,0.014061,0.004687,0.014061,0.004687,0.014061,0.004687,0.014061,0.004687
163,1623.43,0.31857,0.45407,0.22508,0.88194,0.78001,0.84842,0.68379,0.25974,0.44789,0.1986,0.013962,0.004654,0.013962,0.004654,0.013962,0.004654,0.013962,0.004654
164,1788.87,0.32111,0.44826,0.22433,0.86837,0.79481,0.85126,0.68948,0.25818,0.44334,0.2045,0.013863,0.004621,0.013863,0.004621,0.013863,0.004621,0.013863,0.004621
165,1951.33,0.31149,0.44308,0.22006,0.90936,0.77108,0.84772,0.68639,0.2623,0.43494,0.19914,0.013764,0.004588,0.013764,0.004588,0.013764,0.004588,0.013764,0.004588
166,2112.7,0.3166,0.43877,0.2176,0.888,0.78313,0.84813,0.68079,0.26088,0.44803,0.20052,0.013665,0.004555,0.013665,0.004555,0.013665,0.004555,0.013665,0.004555
167,2274.57,0.32861,0.44263,0.21736,0.89437,0.7821,0.84568,0.68162,0.26154,0.44088,0.20236,0.013566,0.004522,0.013566,0.004522,0.013566,0.004522,0.013566,0.004522
168,2436.37,0.3057,0.42353,0.20764,0.90789,0.7751,0.84233,0.67547,0.26614,0.43917,0.21318,0.013467,0.004489,0.013467,0.004489,0.013467,0.004489,0.013467,0.004489
169,2598.28,0.30109,0.4215,0.19562,0.89232,0.76544,0.83617,0.67185,0.26523,0.44024,0.20553,0.013368,0.004456,0.013368,0.004456,0.013368,0.004456,0.013368,0.004456
170,2761.53,0.30771,0.41079,0.20206,0.84241,0.80723,0.83204,0.66941,0.2688,0.44109,0.22201,0.013269,0.004423,0.013269,0.004423,0.013269,0.004423,0.013269,0.004423
171,2923.8,0.29555,0.41222,0.19976,0.85175,0.78448,0.82878,0.67188,0.2614,0.46119,0.21217,0.01317,0.00439,0.01317,0.00439,0.01317,0.00439,0.01317,0.00439
172,3084.9,0.29287,0.40999,0.19319,0.84352,0.80321,0.82049,0.6678,0.26,0.4683,0.21608,0.013071,0.004357,0.013071,0.004357,0.013071,0.004357,0.013071,0.004357
173,3246.08,0.28982,0.40537,0.19362,0.85196,0.7992,0.8241,0.6691,0.25518,0.46767,0.2133,0.012972,0.004324,0.012972,0.004324,0.012972,0.004324,0.012972,0.004324
174,3408.34,0.28411,0.3935,0.18832,0.85763,0.78715,0.82799,0.67004,0.25541,0.4651,0.20867,0.012873,0.004291,0.012873,0.004291,0.012873,0.004291,0.012873,0.004291
175,3569.78,0.28347,0.39255,0.18741,0.84233,0.79384,0.83624,0.67774,0.2582,0.45594,0.21198,0.012774,0.004258,0.012774,0.004258,0.012774,0.004258,0.012774,0.004258
176,3731.91,0.28098,0.3951,0.19002,0.84233,0.79386,0.83283,0.67362,0.25696,0.46035,0.22052,0.012675,0.004225,0.012675,0.004225,0.012675,0.004225,0.012675,0.004225
177,3893.69,0.2931,0.38527,0.18919,0.83526,0.79518,0.83049,0.67161,0.25,0.46748,0.21751,0.012576,0.004192,0.012576,0.004192,0.012576,0.004192,0.012576,0.004192
178,4055.49,0.28463,0.37654,0.18276,0.83637,0.80059,0.8341,0.67765,0.2543,0.45872,0.21534,0.012477,0.004159,0.012477,0.004159,0.012477,0.004159,0.012477,0.004159
179,4217.39,0.26454,0.36462,0.17485,0.83182,0.80723,0.82809,0.66539,0.25988,0.46952,0.221,0.012378,0.004126,0.012378,0.004126,0.012378,0.004126,0.012378,0.004126
180,4378.92,0.28008,0.3667,0.18004,0.87755,0.7751,0.82094,0.66242,0.2697,0.46337,0.23188,0.012279,0.004093,0.012279,0.004093,0.012279,0.004093,0.012279,0.004093
181,185.97,0.46023,1.08654,0.42856,0.89342,0.7751,0.83699,0.67122,0.25106,0.48329,0.19819,0.01218,0.00406,0.01218,0.00406,0.01218,0.00406,0.01218,0.00406
182,375.467,0.32909,0.52542,0.27304,0.89672,0.78715,0.84156,0.67747,0.25673,0.47736,0.20615,0.012081,0.004027,0.012081,0.004027,0.012081,0.004027,0.012081,0.004027
183,565.993,0.32809,0.49712,0.25994,0.91193,0.77108,0.84759,0.68148,0.25825,0.44873,0.20901,0.011982,0.003994,0.011982,0.003994,0.011982,0.003994,0.011982,0.003994
184,756.187,0.30303,0.4922,0.23771,0.90413,0.7575,0.8463,0.68038,0.25963,0.45395,0.20669,0.011883,0.003961,0.011883,0.003961,0.011883,0.003961,0.011883,0.003961
185,946.319,0.30263,0.47428,0.23051,0.88781,0.76305,0.84599,0.68026,0.25922,0.45907,0.20453,0.011784,0.003928,0.011784,0.003928,0.011784,0.003928,0.011784,0.003928
186,1134.65,0.31695,0.47191,0.2299,0.87249,0.77108,0.84769,0.6808,0.25838,0.45351,0.19404,0.011685,0.003895,0.011685,0.003895,0.011685,0.003895,0.011685,0.003895
187,1321.85,0.30558,0.45722,0.23386,0.85958,0.7992,0.84555,0.68089,0.25978,0.44814,0.20261,0.011586,0.003862,0.011586,0.003862,0.011586,0.003862,0.011586,0.003862
188,1509.53,0.30004,0.45933,0.223,0.88247,0.79116,0.84401,0.68535,0.25892,0.44454,0.19626,0.011487,0.003829,0.011487,0.003829,0.011487,0.003829,0.011487,0.003829
189,1697.85,0.29031,0.4421,0.20943,0.87044,0.7992,0.84577,0.68605,0.25449,0.4476,0.19981,0.011388,0.003796,0.011388,0.003796,0.011388,0.003796,0.011388,0.003796
190,1884.82,0.29461,0.42943,0.21454,0.86118,0.79722,0.8422,0.68771,0.25189,0.44191,0.19069,0.011289,0.003763,0.011289,0.003763,0.011289,0.003763,0.011289,0.003763
191,2073.16,0.28747,0.42356,0.21227,0.84199,0.8132,0.8525,0.69228,0.25036,0.43839,0.19616,0.01119,0.00373,0.01119,0.00373,0.01119,0.00373,0.01119,0.00373
192,2262.69,0.28737,0.41748,0.20843,0.89445,0.78275,0.85079,0.69252,0.2484,0.43898,0.18612,0.011091,0.003697,0.011091,0.003697,0.011091,0.003697,0.011091,0.003697
193,2450.37,0.2757,0.41547,0.20186,0.8587,0.7992,0.8455,0.68802,0.2523,0.43541,0.1991,0.010992,0.003664,0.010992,0.003664,0.010992,0.003664,0.010992,0.003664
194,2637.54,0.28095,0.41971,0.19871,0.88258,0.78313,0.84932,0.6924,0.24961,0.42765,0.19912,0.010893,0.003631,0.010893,0.003631,0.010893,0.003631,0.010893,0.003631
195,2825.41,0.27566,0.40845,0.196,0.88758,0.78313,0.85067,0.69365,0.24822,0.43606,0.19565,0.010794,0.003598,0.010794,0.003598,0.010794,0.003598,0.010794,0.003598
196,3013.49,0.26288,0.3939,0.18881,0.86258,0.80668,0.85136,0.69206,0.25229,0.43157,0.20323,0.010695,0.003565,0.010695,0.003565,0.010695,0.003565,0.010695,0.003565
197,3201.59,0.27195,0.40251,0.18519,0.88718,0.78954,0.85131,0.69265,0.24989,0.43367,0.20424,0.010596,0.003532,0.010596,0.003532,0.010596,0.003532,0.010596,0.003532
198,3389.25,0.26646,0.38872,0.1864,0.88525,0.78313,0.84888,0.69216,0.25011,0.43242,0.20337,0.010497,0.003499,0.010497,0.003499,0.010497,0.003499,0.010497,0.003499
199,3576.67,0.26078,0.39224,0.18037,0.90127,0.77912,0.84652,0.69203,0.24827,0.44034,0.20207,0.010398,0.003466,0.010398,0.003466,0.010398,0.003466,0.010398,0.003466
200,3763.99,0.2537,0.38656,0.17545,0.89696,0.77912,0.84759,0.69004,0.25015,0.44045,0.20383,0.010299,0.003433,0.010299,0.003433,0.010299,0.003433,0.010299,0.003433
201,3952.04,0.2575,0.37322,0.17876,0.88188,0.77958,0.84671,0.68879,0.24631,0.44414,0.20039,0.0102,0.0034,0.0102,0.0034,0.0102,0.0034,0.0102,0.0034
202,4140.75,0.25929,0.37172,0.17576,0.88408,0.77912,0.84745,0.6903,0.2428,0.45388,0.19642,0.010101,0.003367,0.010101,0.003367,0.010101,0.003367,0.010101,0.003367
203,4328.8,0.24774,0.37274,0.17319,0.89008,0.78046,0.84544,0.68941,0.24274,0.45459,0.19637,0.010002,0.003334,0.010002,0.003334,0.010002,0.003334,0.010002,0.003334
204,4516.22,0.2532,0.36631,0.17027,0.87861,0.78483,0.84453,0.68472,0.24434,0.45606,0.1918,0.009903,0.003301,0.009903,0.003301,0.009903,0.003301,0.009903,0.003301
205,4703.85,0.24898,0.35827,0.16415,0.87187,0.79249,0.84399,0.6822,0.24441,0.46304,0.19451,0.009804,0.003268,0.009804,0.003268,0.009804,0.003268,0.009804,0.003268
206,4890.68,0.25795,0.36557,0.16975,0.86763,0.79518,0.84419,0.68161,0.24494,0.46257,0.19827,0.009705,0.003235,0.009705,0.003235,0.009705,0.003235,0.009705,0.003235
207,5078.02,0.24865,0.34495,0.16319,0.85685,0.79518,0.84094,0.68,0.24751,0.46012,0.20385,0.009606,0.003202,0.009606,0.003202,0.009606,0.003202,0.009606,0.003202
208,5266.67,0.23219,0.34431,0.15364,0.85783,0.79116,0.83582,0.67611,0.2525,0.46035,0.21667,0.009507,0.003169,0.009507,0.003169,0.009507,0.003169,0.009507,0.003169
209,5455.16,0.23447,0.33962,0.157,0.8685,0.79518,0.83642,0.67679,0.2505,0.46735,0.20717,0.009408,0.003136,0.009408,0.003136,0.009408,0.003136,0.009408,0.003136
210,5642.65,0.23554,0.34153,0.15799,0.86677,0.79518,0.83481,0.67612,0.25199,0.47123,0.20615,0.009309,0.003103,0.009309,0.003103,0.009309,0.003103,0.009309,0.003103
211,5830.31,0.23993,0.3348,0.1622,0.86418,0.79213,0.83028,0.67628,0.25236,0.46264,0.20994,0.00921,0.00307,0.00921,0.00307,0.00921,0.00307,0.00921,0.00307
212,6017.74,0.24385,0.34159,0.15761,0.86933,0.80156,0.83057,0.67594,0.2551,0.45795,0.21523,0.009111,0.003037,0.009111,0.003037,0.009111,0.003037,0.009111,0.003037
213,6206.17,0.23833,0.33756,0.15594,0.87955,0.78715,0.83087,0.67311,0.25824,0.45711,0.21881,0.009012,0.003004,0.009012,0.003004,0.009012,0.003004,0.009012,0.003004
214,6393.77,0.23888,0.33142,0.15319,0.87339,0.79518,0.82779,0.66831,0.26358,0.45536,0.22583,0.008913,0.002971,0.008913,0.002971,0.008913,0.002971,0.008913,0.002971
215,6581.57,0.23258,0.32107,0.14425,0.87251,0.79706,0.82087,0.66461,0.26243,0.45975,0.23034,0.008814,0.002938,0.008814,0.002938,0.008814,0.002938,0.008814,0.002938
216,6769.14,0.22425,0.31383,0.14657,0.86908,0.7992,0.81781,0.66066,0.26399,0.46441,0.23413,0.008715,0.002905,0.008715,0.002905,0.008715,0.002905,0.008715,0.002905
217,6956.88,0.22185,0.3181,0.14472,0.88185,0.79518,0.8166,0.65994,0.26349,0.46713,0.23386,0.008616,0.002872,0.008616,0.002872,0.008616,0.002872,0.008616,0.002872
218,7145.79,0.22132,0.31473,0.14313,0.88544,0.7992,0.81615,0.65963,0.26238,0.46832,0.22872,0.008517,0.002839,0.008517,0.002839,0.008517,0.002839,0.008517,0.002839
219,7333.68,0.22865,0.30975,0.1458,0.89133,0.80321,0.8149,0.66113,0.26797,0.45705,0.25014,0.008418,0.002806,0.008418,0.002806,0.008418,0.002806,0.008418,0.002806
220,7521.63,0.21801,0.30981,0.1354,0.89321,0.80619,0.81486,0.65947,0.26994,0.45687,0.25216,0.008319,0.002773,0.008319,0.002773,0.008319,0.002773,0.008319,0.002773
221,7708.64,0.21371,0.30341,0.13721,0.8929,0.8036,0.81383,0.66131,0.27386,0.45005,0.25617,0.00822,0.00274,0.00822,0.00274,0.00822,0.00274,0.00822,0.00274
222,7897.69,0.20723,0.30509,0.13459,0.89694,0.7992,0.81081,0.65939,0.27442,0.4573,0.25637,0.008121,0.002707,0.008121,0.002707,0.008121,0.002707,0.008121,0.002707
223,8086.16,0.2132,0.30349,0.13531,0.8943,0.80321,0.81264,0.65977,0.2752,0.45993,0.25958,0.008022,0.002674,0.008022,0.002674,0.008022,0.002674,0.008022,0.002674
224,8275.74,0.22163,0.30349,0.13821,0.89628,0.79816,0.81374,0.6599,0.27624,0.45967,0.26095,0.007923,0.002641,0.007923,0.002641,0.007923,0.002641,0.007923,0.002641
225,8463.76,0.20563,0.29236,0.13062,0.89437,0.7992,0.81103,0.66048,0.28327,0.44577,0.29016,0.007824,0.002608,0.007824,0.002608,0.007824,0.002608,0.007824,0.002608
226,8652.01,0.20275,0.29329,0.13206,0.89053,0.7992,0.80833,0.65676,0.28358,0.45065,0.28504,0.007725,0.002575,0.007725,0.002575,0.007725,0.002575,0.007725,0.002575
227,8841.09,0.20003,0.29152,0.1245,0.88842,0.80321,0.81166,0.65926,0.27277,0.46606,0.25491,0.007626,0.002542,0.007626,0.002542,0.007626,0.002542,0.007626,0.002542
228,9030.37,0.1988,0.28632,0.12259,0.8973,0.80705,0.80941,0.65634,0.27879,0.45936,0.27352,0.007527,0.002509,0.007527,0.002509,0.007527,0.002509,0.007527,0.002509
229,9219.84,0.19974,0.29036,0.12525,0.89314,0.80557,0.80818,0.65495,0.27982,0.46041,0.27673,0.007428,0.002476,0.007428,0.002476,0.007428,0.002476,0.007428,0.002476
230,9410.3,0.20415,0.28871,0.12226,0.89141,0.80321,0.80729,0.65312,0.28015,0.46465,0.27176,0.007329,0.002443,0.007329,0.002443,0.007329,0.002443,0.007329,0.002443
231,9600.3,0.1899,0.27969,0.12399,0.89152,0.80321,0.80827,0.65467,0.27766,0.47045,0.27467,0.00723,0.00241,0.00723,0.00241,0.00723,0.00241,0.00723,0.00241
232,9787.85,0.19944,0.28593,0.12827,0.88366,0.7992,0.8078,0.65629,0.28265,0.45933,0.29261,0.007131,0.002377,0.007131,0.002377,0.007131,0.002377,0.007131,0.002377
233,9975.28,0.19132,0.28223,0.12448,0.87268,0.7992,0.80743,0.65659,0.28138,0.46287,0.29173,0.007032,0.002344,0.007032,0.002344,0.007032,0.002344,0.007032,0.002344
234,10162.5,0.20499,0.2837,0.12058,0.87698,0.80165,0.80548,0.65427,0.2796,0.46944,0.29054,0.006933,0.002311,0.006933,0.002311,0.006933,0.002311,0.006933,0.002311
235,10349.7,0.19238,0.27699,0.11092,0.87287,0.79965,0.80529,0.6528,0.28085,0.47132,0.28548,0.006834,0.002278,0.006834,0.002278,0.006834,0.002278,0.006834,0.002278
236,10537.3,0.18839,0.26566,0.11408,0.88459,0.79116,0.80473,0.6507,0.28295,0.46973,0.29052,0.006735,0.002245,0.006735,0.002245,0.006735,0.002245,0.006735,0.002245
237,10725.8,0.18276,0.26678,0.11402,0.88411,0.79116,0.80655,0.65199,0.28218,0.47689,0.28512,0.006636,0.002212,0.006636,0.002212,0.006636,0.002212,0.006636,0.002212
238,10912.9,0.18897,0.26655,0.11729,0.88343,0.78715,0.80546,0.65125,0.28308,0.47505,0.28272,0.006537,0.002179,0.006537,0.002179,0.006537,0.002179,0.006537,0.002179
239,11100.5,0.18937,0.27248,0.10808,0.88386,0.78715,0.80277,0.64881,0.28387,0.47639,0.28483,0.006438,0.002146,0.006438,0.002146,0.006438,0.002146,0.006438,0.002146
240,11288.7,0.18163,0.25983,0.10593,0.88249,0.78313,0.80174,0.64705,0.28557,0.47993,0.28978,0.006339,0.002113,0.006339,0.002113,0.006339,0.002113,0.006339,0.002113
241,11476.6,0.17856,0.25871,0.10539,0.88418,0.78313,0.79908,0.64522,0.2915,0.47939,0.29529,0.00624,0.00208,0.00624,0.00208,0.00624,0.00208,0.00624,0.00208
242,11664.1,0.17357,0.25802,0.10699,0.88563,0.77751,0.79789,0.64475,0.29186,0.4823,0.29638,0.006141,0.002047,0.006141,0.002047,0.006141,0.002047,0.006141,0.002047
243,11850.9,0.17592,0.25626,0.10516,0.88612,0.78123,0.79845,0.64447,0.29059,0.4823,0.29706,0.006042,0.002014,0.006042,0.002014,0.006042,0.002014,0.006042,0.002014
244,12038,0.17703,0.25429,0.10805,0.86819,0.79116,0.79674,0.64321,0.2909,0.48005,0.29692,0.005943,0.001981,0.005943,0.001981,0.005943,0.001981,0.005943,0.001981
245,12225.5,0.17144,0.24862,0.10504,0.88815,0.77912,0.79547,0.6417,0.29076,0.4819,0.29663,0.005844,0.001948,0.005844,0.001948,0.005844,0.001948,0.005844,0.001948
246,12412.5,0.16798,0.25292,0.10149,0.88606,0.7808,0.79513,0.64078,0.29391,0.47911,0.29965,0.005745,0.001915,0.005745,0.001915,0.005745,0.001915,0.005745,0.001915
247,12598.6,0.17363,0.25511,0.10236,0.87185,0.79116,0.79543,0.64175,0.289,0.48672,0.28634,0.005646,0.001882,0.005646,0.001882,0.005646,0.001882,0.005646,0.001882
248,12783.7,0.16964,0.24514,0.09735,0.88015,0.79518,0.79664,0.64348,0.28494,0.49866,0.28129,0.005547,0.001849,0.005547,0.001849,0.005547,0.001849,0.005547,0.001849
249,12969.4,0.16486,0.24441,0.09859,0.88582,0.79116,0.79758,0.64316,0.28701,0.49369,0.28396,0.005448,0.001816,0.005448,0.001816,0.005448,0.001816,0.005448,0.001816
250,13154.5,0.16228,0.24238,0.09919,0.88648,0.78403,0.79747,0.64458,0.28769,0.49442,0.28512,0.005349,0.001783,0.005349,0.001783,0.005349,0.001783,0.005349,0.001783
251,13340.4,0.15876,0.23855,0.09195,0.88695,0.78771,0.79633,0.64433,0.29752,0.47578,0.31699,0.00525,0.00175,0.00525,0.00175,0.00525,0.00175,0.00525,0.00175
252,13527.1,0.16176,0.23907,0.09401,0.89018,0.78715,0.79532,0.64399,0.29773,0.47713,0.31855,0.005151,0.001717,0.005151,0.001717,0.005151,0.001717,0.005151,0.001717
253,13712.6,0.16524,0.2378,0.09773,0.89144,0.79145,0.79491,0.6436,0.29865,0.47478,0.32017,0.005052,0.001684,0.005052,0.001684,0.005052,0.001684,0.005052,0.001684
254,13898.2,0.1838,0.25269,0.10157,0.88659,0.79116,0.79133,0.6402,0.2972,0.48228,0.31384,0.004953,0.001651,0.004953,0.001651,0.004953,0.001651,0.004953,0.001651
255,14083.7,0.1622,0.23467,0.09174,0.89137,0.7909,0.79451,0.64373,0.29773,0.48102,0.31443,0.004854,0.001618,0.004854,0.001618,0.004854,0.001618,0.004854,0.001618
256,14268.1,0.15283,0.22926,0.09011,0.8793,0.79116,0.79186,0.64244,0.30011,0.47761,0.32761,0.004755,0.001585,0.004755,0.001585,0.004755,0.001585,0.004755,0.001585
257,14453.1,0.15322,0.22866,0.09146,0.88743,0.79151,0.79319,0.64331,0.30025,0.48008,0.31972,0.004656,0.001552,0.004656,0.001552,0.004656,0.001552,0.004656,0.001552
258,14638.5,0.15028,0.22178,0.08966,0.88712,0.78715,0.79257,0.64248,0.29905,0.48295,0.31926,0.004557,0.001519,0.004557,0.001519,0.004557,0.001519,0.004557,0.001519
259,14823.7,0.15605,0.23552,0.09314,0.88766,0.79331,0.79055,0.64096,0.29957,0.48333,0.31907,0.004458,0.001486,0.004458,0.001486,0.004458,0.001486,0.004458,0.001486
260,15010.1,0.14694,0.22081,0.08395,0.89091,0.78716,0.79004,0.64148,0.30052,0.48186,0.31937,0.004359,0.001453,0.004359,0.001453,0.004359,0.001453,0.004359,0.001453
261,15201.9,0.14711,0.22019,0.08388,0.88639,0.78715,0.78888,0.64019,0.30218,0.47985,0.32041,0.00426,0.00142,0.00426,0.00142,0.00426,0.00142,0.00426,0.00142
262,15392.9,0.14213,0.21755,0.08197,0.8824,0.78715,0.78876,0.63868,0.30379,0.47816,0.32192,0.004161,0.001387,0.004161,0.001387,0.004161,0.001387,0.004161,0.001387
263,15583.4,0.14056,0.2163,0.08283,0.88212,0.78715,0.78991,0.63661,0.31039,0.46595,0.34974,0.004062,0.001354,0.004062,0.001354,0.004062,0.001354,0.004062,0.001354
264,15774.2,0.13933,0.22245,0.08464,0.88968,0.77727,0.7906,0.63671,0.31081,0.46722,0.35033,0.003963,0.001321,0.003963,0.001321,0.003963,0.001321,0.003963,0.001321
265,15964.6,0.14583,0.2197,0.08794,0.88979,0.77912,0.78979,0.63695,0.31209,0.46573,0.35049,0.003864,0.001288,0.003864,0.001288,0.003864,0.001288,0.003864,0.001288
266,16154.1,0.13998,0.21391,0.08799,0.88413,0.77912,0.78831,0.63628,0.31175,0.46854,0.3497,0.003765,0.001255,0.003765,0.001255,0.003765,0.001255,0.003765,0.001255
267,16342,0.14309,0.21419,0.08456,0.89252,0.77912,0.78766,0.63631,0.31122,0.4715,0.34813,0.003666,0.001222,0.003666,0.001222,0.003666,0.001222,0.003666,0.001222
268,16531.4,0.13938,0.21594,0.08524,0.88613,0.77912,0.7867,0.63672,0.3117,0.47213,0.3491,0.003567,0.001189,0.003567,0.001189,0.003567,0.001189,0.003567,0.001189
269,16722.1,0.13982,0.21708,0.08338,0.88507,0.78313,0.78682,0.6374,0.31153,0.47364,0.35268,0.003468,0.001156,0.003468,0.001156,0.003468,0.001156,0.003468,0.001156
270,16910.7,0.13691,0.21136,0.08097,0.87858,0.78313,0.78715,0.63646,0.31285,0.47451,0.35006,0.003369,0.001123,0.003369,0.001123,0.003369,0.001123,0.003369,0.001123
271,17096.4,0.13702,0.20908,0.07899,0.88029,0.78313,0.78801,0.63596,0.31293,0.47759,0.3507,0.00327,0.00109,0.00327,0.00109,0.00327,0.00109,0.00327,0.00109
272,17282.6,0.13113,0.2059,0.07462,0.87805,0.78313,0.78787,0.63444,0.31739,0.47387,0.35289,0.003171,0.001057,0.003171,0.001057,0.003171,0.001057,0.003171,0.001057
273,17468.3,0.13793,0.20409,0.07913,0.87684,0.78313,0.7882,0.63538,0.31847,0.47202,0.35131,0.003072,0.001024,0.003072,0.001024,0.003072,0.001024,0.003072,0.001024
274,17653.9,0.13662,0.2109,0.08149,0.87848,0.78313,0.78914,0.63594,0.31786,0.47567,0.35393,0.002973,0.000991,0.002973,0.000991,0.002973,0.000991,0.002973,0.000991
275,17839.2,0.13069,0.20393,0.07566,0.87628,0.78313,0.781,0.62807,0.31783,0.4795,0.35382,0.002874,0.000958,0.002874,0.000958,0.002874,0.000958,0.002874,0.000958
276,18023.9,0.12843,0.20632,0.077,0.88269,0.77912,0.78961,0.63536,0.31832,0.47549,0.35403,0.002775,0.000925,0.002775,0.000925,0.002775,0.000925,0.002775,0.000925
277,18208.5,0.12913,0.20207,0.07244,0.87807,0.77912,0.78818,0.63331,0.31738,0.47949,0.35506,0.002676,0.000892,0.002676,0.000892,0.002676,0.000892,0.002676,0.000892
278,18393.1,0.12633,0.19944,0.07459,0.87843,0.7751,0.78754,0.63295,0.32052,0.48127,0.35744,0.002577,0.000859,0.002577,0.000859,0.002577,0.000859,0.002577,0.000859
279,18579.8,0.12862,0.19899,0.07565,0.87874,0.77912,0.7884,0.63367,0.321,0.48039,0.35761,0.002478,0.000826,0.002478,0.000826,0.002478,0.000826,0.002478,0.000826
280,18766.7,0.12265,0.19793,0.07422,0.8788,0.77912,0.78737,0.63356,0.31824,0.48405,0.35275,0.002379,0.000793,0.002379,0.000793,0.002379,0.000793,0.002379,0.000793
281,18953.9,0.12469,0.19439,0.07038,0.87923,0.77912,0.78664,0.63279,0.3181,0.48577,0.35334,0.00228,0.00076,0.00228,0.00076,0.00228,0.00076,0.00228,0.00076
282,19141.6,0.12304,0.19423,0.07415,0.8799,0.77912,0.78606,0.63232,0.31888,0.49174,0.35797,0.002181,0.000727,0.002181,0.000727,0.002181,0.000727,0.002181,0.000727
283,19329.4,0.12586,0.19479,0.07687,0.87911,0.77912,0.78585,0.63304,0.31983,0.49132,0.35824,0.002082,0.000694,0.002082,0.000694,0.002082,0.000694,0.002082,0.000694
284,19516.9,0.12065,0.19165,0.06937,0.87942,0.77912,0.7854,0.63225,0.32268,0.48471,0.35948,0.001983,0.000661,0.001983,0.000661,0.001983,0.000661,0.001983,0.000661
285,19704.2,0.11972,0.19175,0.06967,0.87846,0.77912,0.785,0.63228,0.32346,0.48526,0.35908,0.001884,0.000628,0.001884,0.000628,0.001884,0.000628,0.001884,0.000628
286,19891.1,0.12102,0.19193,0.07158,0.87988,0.77912,0.78488,0.63221,0.32303,0.48733,0.35961,0.001785,0.000595,0.001785,0.000595,0.001785,0.000595,0.001785,0.000595
287,20078.1,0.12157,0.19043,0.06922,0.881,0.77912,0.78428,0.63147,0.32437,0.48887,0.35943,0.001686,0.000562,0.001686,0.000562,0.001686,0.000562,0.001686,0.000562
288,20265.1,0.11607,0.18592,0.06718,0.88176,0.77871,0.78393,0.63099,0.31998,0.50278,0.36432,0.001587,0.000529,0.001587,0.000529,0.001587,0.000529,0.001587,0.000529
289,20451.8,0.11506,0.18688,0.06782,0.87765,0.77786,0.78396,0.63043,0.32055,0.50217,0.36449,0.001488,0.000496,0.001488,0.000496,0.001488,0.000496,0.001488,0.000496
290,20638.5,0.11289,0.18315,0.06269,0.87605,0.77912,0.78339,0.63008,0.321,0.50161,0.36514,0.001389,0.000463,0.001389,0.000463,0.001389,0.000463,0.001389,0.000463
291,20826.7,0.11554,0.1861,0.06779,0.87781,0.77901,0.78403,0.63103,0.32022,0.49862,0.36212,0.00129,0.00043,0.00129,0.00043,0.00129,0.00043,0.00129,0.00043
292,21014,0.11414,0.18223,0.06701,0.87776,0.77866,0.78248,0.62988,0.32016,0.50093,0.36215,0.001191,0.000397,0.001191,0.000397,0.001191,0.000397,0.001191,0.000397
293,21202,0.11376,0.1823,0.06812,0.87399,0.77912,0.78299,0.6297,0.31803,0.5094,0.36157,0.001092,0.000364,0.001092,0.000364,0.001092,0.000364,0.001092,0.000364
294,21390.3,0.11157,0.18189,0.0645,0.87356,0.77693,0.7832,0.62999,0.31873,0.50836,0.36206,0.000993,0.000331,0.000993,0.000331,0.000993,0.000331,0.000993,0.000331
295,21579.2,0.11568,0.18179,0.06622,0.87533,0.7751,0.78229,0.62875,0.31559,0.51833,0.36214,0.000894,0.000298,0.000894,0.000298,0.000894,0.000298,0.000894,0.000298
